foF2	foF2_err	date	year	h	m	sonde
3.952	0.42000000000000004	2018-08-10	2018	2	30	JB57N
3.9850000000000003	0.42000000000000004	2018-08-10	2018	2	45	JB57N
3.7195	0.42000000000000004	2018-08-10	2018	3	0	JB57N
3.505	0.42000000000000004	2018-08-10	2018	3	15	JB57N
3.886	0.42000000000000004	2018-08-10	2018	3	30	JB57N
4.011	0.42000000000000004	2018-08-10	2018	3	45	JB57N
3.852666666666667	0.42000000000000004	2018-08-10	2018	4	0	JB57N
3.8923333333333336	0.42000000000000004	2018-08-10	2018	4	15	JB57N
4.458	0.0	2018-08-10	2018	4	30	JB57N
3.957	0.0	2018-08-10	2018	4	45	JB57N
3.852	0.0	2018-08-10	2018	5	0	JB57N
0.0	0.0	2018-08-10	2018	5	15	JB57N
3.915	0.0	2018-08-10	2018	5	30	JB57N
3.22	0.0	2018-08-10	2018	5	45	JB57N
4.5760000000000005	0.0	2018-08-10	2018	6	0	JB57N
2.878	0.0	2018-08-10	2018	6	15	JB57N
3.3110000000000004	0.0	2018-08-10	2018	6	30	JB57N
3.383	0.0	2018-08-10	2018	6	45	JB57N
3.905	0.0	2018-08-10	2018	7	0	JB57N
4.757	0.0	2018-08-10	2018	7	15	JB57N
3.612	0.0	2018-08-10	2018	7	30	JB57N
3.852	0.0	2018-08-10	2018	7	45	JB57N
4.5760000000000005	0.0	2018-08-10	2018	8	0	JB57N
4.168666666666667	0.42000000000000004	2018-08-10	2018	8	15	JB57N
2.8313333333333333	0.42000000000000004	2018-08-10	2018	8	30	JB57N
3.686	0.42000000000000004	2018-08-10	2018	8	45	JB57N
3.335	0.42000000000000004	2018-08-10	2018	9	0	JB57N
3.0295000000000005	0.42000000000000004	2018-08-10	2018	9	15	JB57N
2.4855	0.42000000000000004	2018-08-10	2018	9	30	JB57N
2.3579999999999997	0.42000000000000004	2018-08-10	2018	9	45	JB57N
2.745	0.42000000000000004	2018-08-10	2018	10	0	JB57N
2.815	0.42000000000000004	2018-08-10	2018	10	15	JB57N
2.684	0.42000000000000004	2018-08-10	2018	10	30	JB57N
2.3535	0.42000000000000004	2018-08-10	2018	10	45	JB57N
2.4154999999999998	0.42000000000000004	2018-08-10	2018	11	0	JB57N
2.331	0.42000000000000004	2018-08-10	2018	11	15	JB57N
2.22	0.42000000000000004	2018-08-10	2018	11	30	JB57N
2.2855	0.42000000000000004	2018-08-10	2018	11	45	JB57N
2.45	0.42000000000000004	2018-08-10	2018	12	0	JB57N
2.901333333333333	0.42000000000000004	2018-08-10	2018	12	15	JB57N
3.129	0.0	2018-08-10	2018	12	30	JB57N
3.174	0.0	2018-08-10	2018	12	45	JB57N
3.3110000000000004	0.0	2018-08-10	2018	13	0	JB57N
2.745	0.0	2018-08-10	2018	13	15	JB57N
2.545	0.0	2018-08-10	2018	13	30	JB57N
2.786	0.0	2018-08-10	2018	13	45	JB57N
2.332	0.0	2018-08-10	2018	14	0	JB57N
3.129	0.0	2018-08-10	2018	14	15	JB57N
2.912	0.0	2018-08-10	2018	14	30	JB57N
3.265	0.0	2018-08-10	2018	14	45	JB57N
2.585	0.0	2018-08-10	2018	15	0	JB57N
2.045	0.0	2018-08-10	2018	15	15	JB57N
2.332	0.0	2018-08-10	2018	15	30	JB57N
2.602	0.0	2018-08-10	2018	15	45	JB57N
2.737	0.0	2018-08-10	2018	16	0	JB57N
4.738	0.42000000000000004	2018-08-10	2018	16	15	JB57N
3.6826666666666665	0.42000000000000004	2018-08-10	2018	16	30	JB57N
3.2470000000000003	0.42000000000000004	2018-08-10	2018	16	45	JB57N
2.6726172839506175	0.54	2018-08-10	2018	17	0	JB57N
2.7317971781305115	0.8400000000000001	2018-08-10	2018	17	15	JB57N
2.7909770723104055	1.1400000000000001	2018-08-10	2018	17	30	JB57N
2.8501569664903	1.44	2018-08-10	2018	17	45	JB57N
2.909336860670194	1.7400000000000002	2018-08-10	2018	18	0	JB57N
2.9685167548500884	2.04	2018-08-10	2018	18	15	JB57N
3.0276966490299824	2.34	2018-08-10	2018	18	30	JB57N
3.0868765432098764	2.64	2018-08-10	2018	18	45	JB57N
3.146056437389771	2.94	2018-08-10	2018	19	0	JB57N
3.205236331569665	3.2399999999999998	2018-08-10	2018	19	15	JB57N
3.2644162257495593	3.54	2018-08-10	2018	19	30	JB57N
3.3235961199294533	3.84	2018-08-10	2018	19	45	JB57N
3.3827760141093473	4.140000000000001	2018-08-10	2018	20	0	JB57N
3.4419559082892417	4.44	2018-08-10	2018	20	15	JB57N
3.5011358024691357	4.74	2018-08-10	2018	20	30	JB57N
3.56031569664903	5.04	2018-08-10	2018	20	45	JB57N
3.619495590828924	5.340000000000001	2018-08-10	2018	21	0	JB57N
3.678675485008818	5.640000000000001	2018-08-10	2018	21	15	JB57N
3.7378553791887126	5.94	2018-08-10	2018	21	30	JB57N
3.7970352733686066	5.9	2018-08-10	2018	21	45	JB57N
3.856215167548501	5.6000000000000005	2018-08-10	2018	22	0	JB57N
3.915395061728395	5.300000000000001	2018-08-10	2018	22	15	JB57N
3.974574955908289	5.000000000000001	2018-08-10	2018	22	30	JB57N
4.033754850088183	4.7	2018-08-10	2018	22	45	JB57N
4.092934744268078	4.4	2018-08-10	2018	23	0	JB57N
4.152114638447972	4.1000000000000005	2018-08-10	2018	23	15	JB57N
4.211294532627866	3.8	2018-08-10	2018	23	30	JB57N
4.27047442680776	3.5	2018-08-10	2018	23	45	JB57N
4.329654320987654	3.2	2018-08-11	2018	0	0	JB57N
4.388834215167549	2.9	2018-08-11	2018	0	15	JB57N
4.448014109347443	2.6	2018-08-11	2018	0	30	JB57N
4.507194003527337	2.3000000000000003	2018-08-11	2018	0	45	JB57N
4.566373897707231	2.0	2018-08-11	2018	1	0	JB57N
4.625553791887125	1.7000000000000002	2018-08-11	2018	1	15	JB57N
4.68473368606702	1.4	2018-08-11	2018	1	30	JB57N
4.743913580246914	1.1	2018-08-11	2018	1	45	JB57N
4.803093474426808	0.8	2018-08-11	2018	2	0	JB57N
4.862273368606702	0.5	2018-08-11	2018	2	15	JB57N
4.458500000000001	0.42000000000000004	2018-08-11	2018	2	30	JB57N
4.6975	0.42000000000000004	2018-08-11	2018	2	45	JB57N
4.205	0.42000000000000004	2018-08-11	2018	3	0	JB57N
4.237	0.42000000000000004	2018-08-11	2018	3	15	JB57N
1.9525	0.42000000000000004	2018-08-11	2018	3	30	JB57N
3.974	0.42000000000000004	2018-08-11	2018	3	45	JB57N
4.669666666666667	0.42000000000000004	2018-08-11	2018	4	0	JB57N
4.1723333333333334	0.42000000000000004	2018-08-11	2018	4	15	JB57N
4.174	0.0	2018-08-11	2018	4	30	JB57N
3.699	0.0	2018-08-11	2018	4	45	JB57N
4.2639999999999985	0.0	2018-08-11	2018	5	0	JB57N
4.757	0.0	2018-08-11	2018	5	15	JB57N
4.458	0.0	2018-08-11	2018	5	30	JB57N
3.943	0.0	2018-08-11	2018	5	45	JB57N
4.011	0.0	2018-08-11	2018	6	0	JB57N
4.819	0.0	2018-08-11	2018	6	15	JB57N
4.065	0.0	2018-08-11	2018	6	30	JB57N
4.4	0.0	2018-08-11	2018	6	45	JB57N
4.011	0.0	2018-08-11	2018	7	0	JB57N
3.852	0.0	2018-08-11	2018	7	15	JB57N
4.4	0.0	2018-08-11	2018	7	30	JB57N
5.073	0.0	2018-08-11	2018	7	45	JB57N
4.819	0.0	2018-08-11	2018	8	0	JB57N
3.8176666666666668	0.42000000000000004	2018-08-11	2018	8	15	JB57N
3.2350000000000003	0.42000000000000004	2018-08-11	2018	8	30	JB57N
3.3565	0.42000000000000004	2018-08-11	2018	8	45	JB57N
2.8354999999999997	0.42000000000000004	2018-08-11	2018	9	0	JB57N
2.6775	0.42000000000000004	2018-08-11	2018	9	15	JB57N
2.684	0.42000000000000004	2018-08-11	2018	9	30	JB57N
3.551	0.42000000000000004	2018-08-11	2018	9	45	JB57N
4.904	0.42000000000000004	2018-08-11	2018	10	0	JB57N
4.4275	0.42000000000000004	2018-08-11	2018	10	15	JB57N
2.9314999999999998	0.42000000000000004	2018-08-11	2018	10	30	JB57N
3.0965	0.42000000000000004	2018-08-11	2018	10	45	JB57N
3.2425	0.42000000000000004	2018-08-11	2018	11	0	JB57N
2.942	0.42000000000000004	2018-08-11	2018	11	15	JB57N
3.5075000000000003	0.42000000000000004	2018-08-11	2018	11	30	JB57N
2.1715	0.42000000000000004	2018-08-11	2018	11	45	JB57N
3.146666666666667	0.42000000000000004	2018-08-11	2018	12	0	JB57N
3.266	0.42000000000000004	2018-08-11	2018	12	15	JB57N
2.839	0.0	2018-08-11	2018	12	30	JB57N
2.954	0.0	2018-08-11	2018	12	45	JB57N
2.045	0.0	2018-08-11	2018	13	0	JB57N
2.208	0.0	2018-08-11	2018	13	15	JB57N
1.774	0.0	2018-08-11	2018	13	30	JB57N
2.307	0.0	2018-08-11	2018	13	45	JB57N
2.745	0.0	2018-08-11	2018	14	0	JB57N
2.468	0.0	2018-08-11	2018	14	15	JB57N
2.19	0.0	2018-08-11	2018	14	30	JB57N
2.137	0.0	2018-08-11	2018	14	45	JB57N
2.001	0.0	2018-08-11	2018	15	0	JB57N
2.759	0.0	2018-08-11	2018	15	15	JB57N
3.699	0.0	2018-08-11	2018	15	30	JB57N
3.338	0.0	2018-08-11	2018	15	45	JB57N
2.7	0.0	2018-08-11	2018	16	0	JB57N
4.486666666666666	0.42000000000000004	2018-08-11	2018	16	15	JB57N
3.7013333333333334	0.42000000000000004	2018-08-11	2018	16	30	JB57N
3.2665	0.42000000000000004	2018-08-11	2018	16	45	JB57N
4.489748175182482	0.54	2018-08-11	2018	17	0	JB57N
4.4720656934306575	0.8400000000000001	2018-08-11	2018	17	15	JB57N
4.454383211678833	1.1400000000000001	2018-08-11	2018	17	30	JB57N
4.436700729927008	1.44	2018-08-11	2018	17	45	JB57N
4.419018248175183	1.7400000000000002	2018-08-11	2018	18	0	JB57N
4.401335766423358	2.04	2018-08-11	2018	18	15	JB57N
4.383653284671533	2.34	2018-08-11	2018	18	30	JB57N
4.365970802919708	2.64	2018-08-11	2018	18	45	JB57N
4.3482883211678836	2.94	2018-08-11	2018	19	0	JB57N
4.330605839416059	3.2399999999999998	2018-08-11	2018	19	15	JB57N
4.312923357664234	3.54	2018-08-11	2018	19	30	JB57N
4.295240875912409	3.84	2018-08-11	2018	19	45	JB57N
4.277558394160584	4.140000000000001	2018-08-11	2018	20	0	JB57N
4.259875912408759	4.44	2018-08-11	2018	20	15	JB57N
4.242193430656934	4.74	2018-08-11	2018	20	30	JB57N
4.22451094890511	5.04	2018-08-11	2018	20	45	JB57N
4.206828467153285	5.340000000000001	2018-08-11	2018	21	0	JB57N
4.18914598540146	5.640000000000001	2018-08-11	2018	21	15	JB57N
4.171463503649635	5.82	2018-08-11	2018	21	30	JB57N
4.15378102189781	5.5200000000000005	2018-08-11	2018	21	45	JB57N
4.136098540145985	5.220000000000001	2018-08-11	2018	22	0	JB57N
4.1184160583941605	4.920000000000001	2018-08-11	2018	22	15	JB57N
4.100733576642336	4.62	2018-08-11	2018	22	30	JB57N
4.083051094890511	4.32	2018-08-11	2018	22	45	JB57N
4.065368613138686	4.0200000000000005	2018-08-11	2018	23	0	JB57N
4.047686131386861	3.72	2018-08-11	2018	23	15	JB57N
4.030003649635036	3.42	2018-08-11	2018	23	30	JB57N
4.012321167883211	3.12	2018-08-11	2018	23	45	JB57N
3.994638686131387	2.82	2018-08-12	2018	0	0	JB57N
3.976956204379562	2.52	2018-08-12	2018	0	15	JB57N
3.9592737226277372	2.22	2018-08-12	2018	0	30	JB57N
3.9415912408759124	1.92	2018-08-12	2018	0	45	JB57N
3.9239087591240875	1.62	2018-08-12	2018	1	0	JB57N
3.9062262773722627	1.32	2018-08-12	2018	1	15	JB57N
3.888543795620438	1.02	2018-08-12	2018	1	30	JB57N
3.870861313868613	0.72	2018-08-12	2018	1	45	JB57N
3.853178832116788	0.42000000000000004	2018-08-12	2018	2	0	JB57N
4.4155	0.42000000000000004	2018-08-12	2018	2	15	JB57N
4.425	0.42000000000000004	2018-08-12	2018	2	30	JB57N
5.638	0.42000000000000004	2018-08-12	2018	2	45	JB57N
4.0955	0.42000000000000004	2018-08-12	2018	3	0	JB57N
3.3925	0.42000000000000004	2018-08-12	2018	3	15	JB57N
3.9585	0.42000000000000004	2018-08-12	2018	3	30	JB57N
3.7009999999999996	0.42000000000000004	2018-08-12	2018	3	45	JB57N
3.6823333333333332	0.42000000000000004	2018-08-12	2018	4	0	JB57N
2.9156666666666666	0.42000000000000004	2018-08-12	2018	4	15	JB57N
3.22	0.0	2018-08-12	2018	4	30	JB57N
2.704	0.0	2018-08-12	2018	4	45	JB57N
3.265	0.0	2018-08-12	2018	5	0	JB57N
3.3110000000000004	0.0	2018-08-12	2018	5	15	JB57N
3.295	0.0	2018-08-12	2018	5	30	JB57N
3.52	0.0	2018-08-12	2018	5	45	JB57N
2.208	0.0	2018-08-12	2018	6	0	JB57N
1.853	0.0	2018-08-12	2018	6	15	JB57N
2.184	0.0	2018-08-12	2018	6	30	JB57N
2.281	0.0	2018-08-12	2018	6	45	JB57N
1.891	0.0	2018-08-12	2018	7	0	JB57N
2.195	0.0	2018-08-12	2018	7	15	JB57N
2.181	0.0	2018-08-12	2018	7	30	JB57N
2.307	0.0	2018-08-12	2018	7	45	JB57N
2.208	0.0	2018-08-12	2018	8	0	JB57N
2.2496666666666667	0.42000000000000004	2018-08-12	2018	8	15	JB57N
2.4859999999999998	0.42000000000000004	2018-08-12	2018	8	30	JB57N
3.026	0.42000000000000004	2018-08-12	2018	8	45	JB57N
1.6325	0.42000000000000004	2018-08-12	2018	9	0	JB57N
3.1525	0.42000000000000004	2018-08-12	2018	9	15	JB57N
3.1550000000000002	0.42000000000000004	2018-08-12	2018	9	30	JB57N
2.763	0.42000000000000004	2018-08-12	2018	9	45	JB57N
2.5035	0.42000000000000004	2018-08-12	2018	10	0	JB57N
2.3715	0.42000000000000004	2018-08-12	2018	10	15	JB57N
1.9865	0.42000000000000004	2018-08-12	2018	10	30	JB57N
1.8319999999999999	0.42000000000000004	2018-08-12	2018	10	45	JB57N
1.786	0.42000000000000004	2018-08-12	2018	11	0	JB57N
2.2695	0.42000000000000004	2018-08-12	2018	11	15	JB57N
2.6055	0.42000000000000004	2018-08-12	2018	11	30	JB57N
2.9459999999999997	0.42000000000000004	2018-08-12	2018	11	45	JB57N
2.570666666666667	0.42000000000000004	2018-08-12	2018	12	0	JB57N
2.5933333333333333	0.42000000000000004	2018-08-12	2018	12	15	JB57N
2.659	0.0	2018-08-12	2018	12	30	JB57N
2.432	0.0	2018-08-12	2018	12	45	JB57N
2.463	0.0	2018-08-12	2018	13	0	JB57N
2.208	0.0	2018-08-12	2018	13	15	JB57N
3.174	0.0	2018-08-12	2018	13	30	JB57N
3.905	0.0	2018-08-12	2018	13	45	JB57N
3.373	0.0	2018-08-12	2018	14	0	JB57N
2.999	0.0	2018-08-12	2018	14	15	JB57N
2.93	0.0	2018-08-12	2018	14	30	JB57N
2.8710000000000004	0.0	2018-08-12	2018	14	45	JB57N
3.358	0.0	2018-08-12	2018	15	0	JB57N
3.905	0.0	2018-08-12	2018	15	15	JB57N
3.405	0.0	2018-08-12	2018	15	30	JB57N
3.801	0.0	2018-08-12	2018	15	45	JB57N
3.801	0.0	2018-08-12	2018	16	0	JB57N
4.373666666666667	0.42000000000000004	2018-08-12	2018	16	15	JB57N
3.5016666666666665	0.42000000000000004	2018-08-12	2018	16	30	JB57N
3.258	0.42000000000000004	2018-08-12	2018	16	45	JB57N
3.2284756097560976	0.54	2018-08-12	2018	17	0	JB57N
3.246637630662021	0.8400000000000001	2018-08-12	2018	17	15	JB57N
3.2647996515679445	1.1400000000000001	2018-08-12	2018	17	30	JB57N
3.282961672473868	1.44	2018-08-12	2018	17	45	JB57N
3.301123693379791	1.7400000000000002	2018-08-12	2018	18	0	JB57N
3.3192857142857144	2.04	2018-08-12	2018	18	15	JB57N
3.337447735191638	2.34	2018-08-12	2018	18	30	JB57N
3.3556097560975613	2.64	2018-08-12	2018	18	45	JB57N
3.3737717770034843	2.94	2018-08-12	2018	19	0	JB57N
3.3919337979094077	3.2399999999999998	2018-08-12	2018	19	15	JB57N
3.410095818815331	3.54	2018-08-12	2018	19	30	JB57N
3.4282578397212546	3.84	2018-08-12	2018	19	45	JB57N
3.4464198606271776	4.140000000000001	2018-08-12	2018	20	0	JB57N
3.464581881533101	4.44	2018-08-12	2018	20	15	JB57N
3.4827439024390245	4.74	2018-08-12	2018	20	30	JB57N
3.500905923344948	5.04	2018-08-12	2018	20	45	JB57N
3.519067944250871	5.340000000000001	2018-08-12	2018	21	0	JB57N
3.5372299651567944	5.640000000000001	2018-08-12	2018	21	15	JB57N
3.555391986062718	5.94	2018-08-12	2018	21	30	JB57N
3.5735540069686413	6.04	2018-08-12	2018	21	45	JB57N
3.591716027874565	5.74	2018-08-12	2018	22	0	JB57N
3.609878048780488	5.44	2018-08-12	2018	22	15	JB57N
3.6280400696864112	5.140000000000001	2018-08-12	2018	22	30	JB57N
3.6462020905923347	4.840000000000001	2018-08-12	2018	22	45	JB57N
3.6643641114982577	4.54	2018-08-12	2018	23	0	JB57N
3.682526132404181	4.24	2018-08-12	2018	23	15	JB57N
3.7006881533101046	3.94	2018-08-12	2018	23	30	JB57N
3.718850174216028	3.64	2018-08-12	2018	23	45	JB57N
3.7370121951219515	3.34	2018-08-13	2018	0	0	JB57N
3.7551742160278745	3.04	2018-08-13	2018	0	15	JB57N
3.773336236933798	2.7399999999999998	2018-08-13	2018	0	30	JB57N
3.7914982578397214	2.44	2018-08-13	2018	0	45	JB57N
3.8096602787456444	2.14	2018-08-13	2018	1	0	JB57N
3.827822299651568	1.8399999999999999	2018-08-13	2018	1	15	JB57N
3.8459843205574913	1.54	2018-08-13	2018	1	30	JB57N
3.8641463414634147	1.24	2018-08-13	2018	1	45	JB57N
3.882308362369338	0.9400000000000001	2018-08-13	2018	2	0	JB57N
3.900470383275261	0.64	2018-08-13	2018	2	15	JB57N
3.905	0.42000000000000004	2018-08-13	2018	2	30	JB57N
4.1525	0.42000000000000004	2018-08-13	2018	2	45	JB57N
4.0649999999999995	0.42000000000000004	2018-08-13	2018	3	0	JB57N
4.0155	0.42000000000000004	2018-08-13	2018	3	15	JB57N
3.8930000000000002	0.42000000000000004	2018-08-13	2018	3	30	JB57N
3.672	0.42000000000000004	2018-08-13	2018	3	45	JB57N
3.606333333333333	0.42000000000000004	2018-08-13	2018	4	0	JB57N
3.6750000000000003	0.42000000000000004	2018-08-13	2018	4	15	JB57N
3.457	0.0	2018-08-13	2018	4	30	JB57N
3.4960000000000004	0.0	2018-08-13	2018	4	45	JB57N
3.42	0.0	2018-08-13	2018	5	0	JB57N
4.086	0.0	2018-08-13	2018	5	15	JB57N
3.742	0.0	2018-08-13	2018	5	30	JB57N
3.833	0.0	2018-08-13	2018	5	45	JB57N
3.957	0.0	2018-08-13	2018	6	0	JB57N
3.943	0.0	2018-08-13	2018	6	15	JB57N
4.819	0.0	2018-08-13	2018	6	30	JB57N
5.544	0.0	2018-08-13	2018	6	45	JB57N
3.652	0.0	2018-08-13	2018	7	0	JB57N
4.119	0.0	2018-08-13	2018	7	15	JB57N
4.6960000000000015	0.0	2018-08-13	2018	7	30	JB57N
3.905	0.0	2018-08-13	2018	7	45	JB57N
3.649	0.0	2018-08-13	2018	8	0	JB57N
2.7893333333333334	0.42000000000000004	2018-08-13	2018	8	15	JB57N
3.5690000000000004	0.42000000000000004	2018-08-13	2018	8	30	JB57N
3.3520000000000003	0.42000000000000004	2018-08-13	2018	8	45	JB57N
3.3985000000000003	0.42000000000000004	2018-08-13	2018	9	0	JB57N
4.077	0.42000000000000004	2018-08-13	2018	9	15	JB57N
3.8265000000000002	0.42000000000000004	2018-08-13	2018	9	30	JB57N
4.202500000000001	0.42000000000000004	2018-08-13	2018	9	45	JB57N
4.133	0.42000000000000004	2018-08-13	2018	10	0	JB57N
3.958	0.42000000000000004	2018-08-13	2018	10	15	JB57N
4.011	0.42000000000000004	2018-08-13	2018	10	30	JB57N
4.516	0.42000000000000004	2018-08-13	2018	10	45	JB57N
2.857	0.42000000000000004	2018-08-13	2018	11	0	JB57N
2.2445000000000004	0.42000000000000004	2018-08-13	2018	11	15	JB57N
2.5505	0.42000000000000004	2018-08-13	2018	11	30	JB57N
3.1075	0.42000000000000004	2018-08-13	2018	11	45	JB57N
1.8396666666666668	0.42000000000000004	2018-08-13	2018	12	0	JB57N
1.202	0.42000000000000004	2018-08-13	2018	12	15	JB57N
1.061	0.0	2018-08-13	2018	12	30	JB57N
0.0	0.0	2018-08-13	2018	12	45	JB57N
0.0	0.0	2018-08-13	2018	13	0	JB57N
1.171	0.0	2018-08-13	2018	13	15	JB57N
2.801	0.0	2018-08-13	2018	13	30	JB57N
3.124	0.0	2018-08-13	2018	13	45	JB57N
4.6960000000000015	0.0	2018-08-13	2018	14	0	JB57N
3.649	0.0	2018-08-13	2018	14	15	JB57N
4.636	0.0	2018-08-13	2018	14	30	JB57N
3.905	0.0	2018-08-13	2018	14	45	JB57N
3.383	0.0	2018-08-13	2018	15	0	JB57N
4.065	0.0	2018-08-13	2018	15	15	JB57N
3.905	0.0	2018-08-13	2018	15	30	JB57N
4.782	0.0	2018-08-13	2018	15	45	JB57N
6.437	0.0	2018-08-13	2018	16	0	JB57N
3.805	0.42000000000000004	2018-08-13	2018	16	15	JB57N
3.362	0.42000000000000004	2018-08-13	2018	16	30	JB57N
3.1525	0.42000000000000004	2018-08-13	2018	16	45	JB57N
4.456478260869566	0.54	2018-08-13	2018	17	0	JB57N
4.453217391304348	0.8400000000000001	2018-08-13	2018	17	15	JB57N
4.44995652173913	1.1400000000000001	2018-08-13	2018	17	30	JB57N
4.446695652173913	1.44	2018-08-13	2018	17	45	JB57N
4.443434782608696	1.7400000000000002	2018-08-13	2018	18	0	JB57N
4.440173913043479	2.04	2018-08-13	2018	18	15	JB57N
4.436913043478261	2.34	2018-08-13	2018	18	30	JB57N
4.4336521739130434	2.64	2018-08-13	2018	18	45	JB57N
4.430391304347826	2.94	2018-08-13	2018	19	0	JB57N
4.427130434782609	3.2399999999999998	2018-08-13	2018	19	15	JB57N
4.423869565217392	3.54	2018-08-13	2018	19	30	JB57N
4.420608695652174	3.84	2018-08-13	2018	19	45	JB57N
4.4173478260869565	4.140000000000001	2018-08-13	2018	20	0	JB57N
4.414086956521739	4.44	2018-08-13	2018	20	15	JB57N
4.410826086956522	4.74	2018-08-13	2018	20	30	JB57N
4.407565217391304	5.04	2018-08-13	2018	20	45	JB57N
4.404304347826087	5.340000000000001	2018-08-13	2018	21	0	JB57N
4.40104347826087	5.640000000000001	2018-08-13	2018	21	15	JB57N
4.397782608695652	5.44	2018-08-13	2018	21	30	JB57N
4.394521739130435	5.140000000000001	2018-08-13	2018	21	45	JB57N
4.391260869565217	4.840000000000001	2018-08-13	2018	22	0	JB57N
4.388	4.54	2018-08-13	2018	22	15	JB57N
4.384739130434783	4.24	2018-08-13	2018	22	30	JB57N
4.3814782608695655	3.94	2018-08-13	2018	22	45	JB57N
4.378217391304348	3.64	2018-08-13	2018	23	0	JB57N
4.37495652173913	3.34	2018-08-13	2018	23	15	JB57N
4.371695652173913	3.04	2018-08-13	2018	23	30	JB57N
4.368434782608696	2.7399999999999998	2018-08-13	2018	23	45	JB57N
4.365173913043479	2.44	2018-08-14	2018	0	0	JB57N
4.3619130434782605	2.14	2018-08-14	2018	0	15	JB57N
4.358652173913043	1.8399999999999999	2018-08-14	2018	0	30	JB57N
4.355391304347826	1.54	2018-08-14	2018	0	45	JB57N
4.352130434782609	1.24	2018-08-14	2018	1	0	JB57N
4.348869565217392	0.9400000000000001	2018-08-14	2018	1	15	JB57N
4.345608695652174	0.64	2018-08-14	2018	1	30	JB57N
4.1215	0.42000000000000004	2018-08-14	2018	1	45	JB57N
3.7535	0.42000000000000004	2018-08-14	2018	2	0	JB57N
3.815	0.42000000000000004	2018-08-14	2018	2	15	JB57N
4.171	0.42000000000000004	2018-08-14	2018	2	30	JB57N
4.13	0.42000000000000004	2018-08-14	2018	2	45	JB57N
4.1755	0.42000000000000004	2018-08-14	2018	3	0	JB57N
3.9865000000000004	0.42000000000000004	2018-08-14	2018	3	15	JB57N
3.9215	0.42000000000000004	2018-08-14	2018	3	30	JB57N
3.8685	0.42000000000000004	2018-08-14	2018	3	45	JB57N
3.727333333333333	0.42000000000000004	2018-08-14	2018	4	0	JB57N
3.658333333333333	0.42000000000000004	2018-08-14	2018	4	15	JB57N
4.2860000000000005	0.0	2018-08-14	2018	4	30	JB57N
3.534	0.0	2018-08-14	2018	4	45	JB57N
3.457	0.0	2018-08-14	2018	5	0	JB57N
3.099	0.0	2018-08-14	2018	5	15	JB57N
2.967	0.0	2018-08-14	2018	5	30	JB57N
3.22	0.0	2018-08-14	2018	5	45	JB57N
2.929	0.0	2018-08-14	2018	6	0	JB57N
3.233	0.0	2018-08-14	2018	6	15	JB57N
2.748	0.0	2018-08-14	2018	6	30	JB57N
2.7880000000000003	0.0	2018-08-14	2018	6	45	JB57N
2.818	0.0	2018-08-14	2018	7	0	JB57N
2.827	0.0	2018-08-14	2018	7	15	JB57N
2.63	0.0	2018-08-14	2018	7	30	JB57N
2.659	0.0	2018-08-14	2018	7	45	JB57N
3.265	0.0	2018-08-14	2018	8	0	JB57N
2.9463333333333335	0.42000000000000004	2018-08-14	2018	8	15	JB57N
2.7373333333333334	0.42000000000000004	2018-08-14	2018	8	30	JB57N
3.1735	0.42000000000000004	2018-08-14	2018	8	45	JB57N
3.303	0.42000000000000004	2018-08-14	2018	9	0	JB57N
2.6295	0.42000000000000004	2018-08-14	2018	9	15	JB57N
3.008	0.42000000000000004	2018-08-14	2018	9	30	JB57N
3.1980000000000004	0.42000000000000004	2018-08-14	2018	9	45	JB57N
3.135	0.42000000000000004	2018-08-14	2018	10	0	JB57N
2.66	0.42000000000000004	2018-08-14	2018	10	15	JB57N
2.7520000000000002	0.42000000000000004	2018-08-14	2018	10	30	JB57N
3.2195	0.42000000000000004	2018-08-14	2018	10	45	JB57N
3.4345	0.42000000000000004	2018-08-14	2018	11	0	JB57N
2.96	0.42000000000000004	2018-08-14	2018	11	15	JB57N
1.61	0.42000000000000004	2018-08-14	2018	11	30	JB57N
2.6775	0.42000000000000004	2018-08-14	2018	11	45	JB57N
3.22	0.42000000000000004	2018-08-14	2018	12	0	JB57N
3.0726666666666667	0.42000000000000004	2018-08-14	2018	12	15	JB57N
3.199	0.0	2018-08-14	2018	12	30	JB57N
2.49	0.0	2018-08-14	2018	12	45	JB57N
2.281	0.0	2018-08-14	2018	13	0	JB57N
2.997	0.0	2018-08-14	2018	13	15	JB57N
2.63	0.0	2018-08-14	2018	13	30	JB57N
2.454	0.0	2018-08-14	2018	13	45	JB57N
3.174	0.0	2018-08-14	2018	14	0	JB57N
2.519	0.0	2018-08-14	2018	14	15	JB57N
2.332	0.0	2018-08-14	2018	14	30	JB57N
3.265	0.0	2018-08-14	2018	14	45	JB57N
2.673	0.0	2018-08-14	2018	15	0	JB57N
3.649	0.0	2018-08-14	2018	15	15	JB57N
3.265	0.0	2018-08-14	2018	15	30	JB57N
3.0410000000000004	0.0	2018-08-14	2018	15	45	JB57N
3.174	0.0	2018-08-14	2018	16	0	JB57N
4.171666666666667	0.42000000000000004	2018-08-14	2018	16	15	JB57N
3.7343333333333333	0.42000000000000004	2018-08-14	2018	16	30	JB57N
3.457	0.42000000000000004	2018-08-14	2018	16	45	JB57N
3.358216458852868	0.54	2018-08-14	2018	17	0	JB57N
3.3586802992518705	0.8400000000000001	2018-08-14	2018	17	15	JB57N
3.3591441396508728	1.1400000000000001	2018-08-14	2018	17	30	JB57N
3.3596079800498755	1.44	2018-08-14	2018	17	45	JB57N
3.3600718204488778	1.7400000000000002	2018-08-14	2018	18	0	JB57N
3.3605356608478805	2.04	2018-08-14	2018	18	15	JB57N
3.3609995012468827	2.34	2018-08-14	2018	18	30	JB57N
3.3614633416458854	2.64	2018-08-14	2018	18	45	JB57N
3.3619271820448877	2.94	2018-08-14	2018	19	0	JB57N
3.3623910224438904	3.2399999999999998	2018-08-14	2018	19	15	JB57N
3.3628548628428927	3.54	2018-08-14	2018	19	30	JB57N
3.3633187032418954	3.84	2018-08-14	2018	19	45	JB57N
3.3637825436408977	4.140000000000001	2018-08-14	2018	20	0	JB57N
3.3642463840399004	4.44	2018-08-14	2018	20	15	JB57N
3.3647102244389027	4.74	2018-08-14	2018	20	30	JB57N
3.3651740648379054	5.04	2018-08-14	2018	20	45	JB57N
3.3656379052369076	5.340000000000001	2018-08-14	2018	21	0	JB57N
3.3661017456359104	5.640000000000001	2018-08-14	2018	21	15	JB57N
3.3665655860349126	5.94	2018-08-14	2018	21	30	JB57N
3.3670294264339153	5.86	2018-08-14	2018	21	45	JB57N
3.3674932668329176	5.5600000000000005	2018-08-14	2018	22	0	JB57N
3.3679571072319203	5.260000000000001	2018-08-14	2018	22	15	JB57N
3.3684209476309226	4.960000000000001	2018-08-14	2018	22	30	JB57N
3.3688847880299253	4.66	2018-08-14	2018	22	45	JB57N
3.3693486284289276	4.36	2018-08-14	2018	23	0	JB57N
3.3698124688279303	4.0600000000000005	2018-08-14	2018	23	15	JB57N
3.3702763092269326	3.76	2018-08-14	2018	23	30	JB57N
3.3707401496259353	3.46	2018-08-14	2018	23	45	JB57N
3.415732668329177	3.16	2018-08-16	2018	0	0	JB57N
3.4161965087281794	2.86	2018-08-16	2018	0	15	JB57N
3.416660349127182	2.56	2018-08-16	2018	0	30	JB57N
3.4171241895261844	2.2600000000000002	2018-08-16	2018	0	45	JB57N
3.417588029925187	1.96	2018-08-16	2018	1	0	JB57N
3.4180518703241893	1.6600000000000001	2018-08-16	2018	1	15	JB57N
3.418515710723192	1.3599999999999999	2018-08-16	2018	1	30	JB57N
3.4189795511221943	1.06	2018-08-16	2018	1	45	JB57N
3.419443391521197	0.76	2018-08-16	2018	2	0	JB57N
3.4199072319201993	0.46	2018-08-16	2018	2	15	JB57N
3.383	0.42000000000000004	2018-08-16	2018	2	30	JB57N
3.508	0.42000000000000004	2018-08-16	2018	2	45	JB57N
3.4699999999999998	0.42000000000000004	2018-08-16	2018	3	0	JB57N
3.4025000000000003	0.42000000000000004	2018-08-16	2018	3	15	JB57N
3.4395000000000002	0.42000000000000004	2018-08-16	2018	3	30	JB57N
3.5915	0.42000000000000004	2018-08-16	2018	3	45	JB57N
3.414	0.42000000000000004	2018-08-16	2018	4	0	JB57N
3.7663333333333333	0.42000000000000004	2018-08-16	2018	4	15	JB57N
3.0660000000000003	0.0	2018-08-16	2018	4	30	JB57N
3.309	0.0	2018-08-16	2018	4	45	JB57N
3.374	0.0	2018-08-16	2018	5	0	JB57N
3.55	0.0	2018-08-16	2018	5	15	JB57N
3.309	0.0	2018-08-16	2018	5	30	JB57N
3.273	0.0	2018-08-16	2018	5	45	JB57N
2.688	0.0	2018-08-16	2018	6	0	JB57N
3.5010000000000003	0.0	2018-08-16	2018	6	15	JB57N
3.174	0.0	2018-08-16	2018	6	30	JB57N
2.718	0.0	2018-08-16	2018	6	45	JB57N
2.384	0.0	2018-08-16	2018	7	0	JB57N
2.257	0.0	2018-08-16	2018	7	15	JB57N
1.936	0.0	2018-08-16	2018	7	30	JB57N
1.6980000000000002	0.0	2018-08-16	2018	7	45	JB57N
1.156	0.0	2018-08-16	2018	8	0	JB57N
1.1256666666666666	0.42000000000000004	2018-08-16	2018	8	15	JB57N
1.4020000000000001	0.42000000000000004	2018-08-16	2018	8	30	JB57N
2.67	0.42000000000000004	2018-08-16	2018	8	45	JB57N
0.598	0.42000000000000004	2018-08-16	2018	9	0	JB57N
0.0	0.42000000000000004	2018-08-16	2018	9	15	JB57N
1.1540000000000001	0.42000000000000004	2018-08-16	2018	9	30	JB57N
1.1284999999999998	0.42000000000000004	2018-08-16	2018	9	45	JB57N
0.828	0.42000000000000004	2018-08-16	2018	10	0	JB57N
1.61	0.42000000000000004	2018-08-16	2018	10	15	JB57N
4.144	0.42000000000000004	2018-08-16	2018	10	30	JB57N
3.206	0.42000000000000004	2018-08-16	2018	10	45	JB57N
1.0565	0.42000000000000004	2018-08-16	2018	11	0	JB57N
2.6865	0.42000000000000004	2018-08-16	2018	11	15	JB57N
1.257	0.42000000000000004	2018-08-16	2018	11	30	JB57N
2.4130000000000003	0.42000000000000004	2018-08-16	2018	11	45	JB57N
2.7383333333333337	0.42000000000000004	2018-08-16	2018	12	0	JB57N
2.9726666666666666	0.42000000000000004	2018-08-16	2018	12	15	JB57N
2.307	0.0	2018-08-16	2018	12	30	JB57N
3.132	0.0	2018-08-16	2018	12	45	JB57N
1.646	0.0	2018-08-16	2018	13	0	JB57N
3.33	0.0	2018-08-16	2018	13	15	JB57N
2.688	0.0	2018-08-16	2018	13	30	JB57N
3.309	0.0	2018-08-16	2018	13	45	JB57N
8.396	0.0	2018-08-16	2018	14	0	JB57N
1.944	0.0	2018-08-16	2018	14	15	JB57N
3.265	0.0	2018-08-16	2018	14	30	JB57N
3.957	0.0	2018-08-16	2018	14	45	JB57N
4.517	0.0	2018-08-16	2018	15	0	JB57N
3.634	0.0	2018-08-16	2018	15	15	JB57N
4.356	0.0	2018-08-16	2018	15	30	JB57N
5.337999999999999	0.0	2018-08-16	2018	15	45	JB57N
3.905	0.0	2018-08-16	2018	16	0	JB57N
3.034666666666667	0.42000000000000004	2018-08-16	2018	16	15	JB57N
2.4306666666666668	0.42000000000000004	2018-08-16	2018	16	30	JB57N
1.815	0.42000000000000004	2018-08-16	2018	16	45	JB57N
1.2272221180880976	0.5	2018-08-16	2018	17	0	JB57N
1.20988847235239	0.8	2018-08-16	2018	17	15	JB57N
1.1925548266166823	1.1	2018-08-16	2018	17	30	JB57N
1.1752211808809747	1.4	2018-08-16	2018	17	45	JB57N
1.157887535145267	1.7000000000000002	2018-08-16	2018	18	0	JB57N
1.1405538894095597	2.0	2018-08-16	2018	18	15	JB57N
1.123220243673852	2.3000000000000003	2018-08-16	2018	18	30	JB57N
1.1058865979381445	2.6	2018-08-16	2018	18	45	JB57N
1.0885529522024369	2.9	2018-08-16	2018	19	0	JB57N
1.0712193064667292	3.2	2018-08-16	2018	19	15	JB57N
1.0538856607310216	3.5	2018-08-16	2018	19	30	JB57N
1.036552014995314	3.8	2018-08-16	2018	19	45	JB57N
1.0192183692596064	4.1000000000000005	2018-08-16	2018	20	0	JB57N
1.0018847235238988	4.4	2018-08-16	2018	20	15	JB57N
0.9845510777881913	4.7	2018-08-16	2018	20	30	JB57N
0.9672174320524837	5.000000000000001	2018-08-16	2018	20	45	JB57N
0.9498837863167762	5.300000000000001	2018-08-16	2018	21	0	JB57N
0.9325501405810686	5.6000000000000005	2018-08-16	2018	21	15	JB57N
0.9152164948453609	5.9	2018-08-16	2018	21	30	JB57N
0.8978828491096533	6.2	2018-08-16	2018	21	45	JB57N
0.8805492033739457	6.500000000000001	2018-08-16	2018	22	0	JB57N
0.8632155576382381	6.800000000000001	2018-08-16	2018	22	15	JB57N
0.8458819119025305	7.1000000000000005	2018-08-16	2018	22	30	JB57N
0.828548266166823	7.4	2018-08-16	2018	22	45	JB57N
0.8112146204311154	7.7	2018-08-16	2018	23	0	JB57N
0.7938809746954077	8.0	2018-08-16	2018	23	15	JB57N
0.7765473289597002	8.3	2018-08-16	2018	23	30	JB57N
0.7592136832239926	8.6	2018-08-16	2018	23	45	JB57N
0.741880037488285	8.9	2018-08-17	2018	0	0	JB57N
0.7245463917525774	9.200000000000001	2018-08-17	2018	0	15	JB57N
0.7072127460168698	9.5	2018-08-17	2018	0	30	JB57N
0.6898791002811622	9.8	2018-08-17	2018	0	45	JB57N
0.6725454545454547	10.100000000000001	2018-08-17	2018	1	0	JB57N
0.655211808809747	10.4	2018-08-17	2018	1	15	JB57N
0.6378781630740394	10.700000000000001	2018-08-17	2018	1	30	JB57N
0.6205445173383318	11.0	2018-08-17	2018	1	45	JB57N
0.6032108716026242	10.84	2018-08-17	2018	2	0	JB57N
0.5858772258669167	10.540000000000001	2018-08-17	2018	2	15	JB57N
0.5685435801312091	10.24	2018-08-17	2018	2	30	JB57N
0.5512099343955015	9.940000000000001	2018-08-17	2018	2	45	JB57N
0.5338762886597939	9.64	2018-08-17	2018	3	0	JB57N
0.5165426429240862	9.34	2018-08-17	2018	3	15	JB57N
0.49920899718837874	9.040000000000001	2018-08-17	2018	3	30	JB57N
0.48187535145267113	8.74	2018-08-17	2018	3	45	JB57N
0.4645417057169635	8.440000000000001	2018-08-17	2018	4	0	JB57N
0.4472080599812559	8.14	2018-08-17	2018	4	15	JB57N
0.4298744142455484	7.840000000000001	2018-08-17	2018	4	30	JB57N
0.4125407685098408	7.540000000000001	2018-08-17	2018	4	45	JB57N
0.39520712277413317	7.24	2018-08-17	2018	5	0	JB57N
0.37787347703842555	6.94	2018-08-17	2018	5	15	JB57N
0.36053983130271794	6.640000000000001	2018-08-17	2018	5	30	JB57N
0.34320618556701044	6.340000000000001	2018-08-17	2018	5	45	JB57N
0.3258725398313028	6.04	2018-08-17	2018	6	0	JB57N
0.3085388940955952	5.74	2018-08-17	2018	6	15	JB57N
0.2912052483598876	5.44	2018-08-17	2018	6	30	JB57N
0.27387160262418	5.140000000000001	2018-08-17	2018	6	45	JB57N
0.2565379568884725	4.840000000000001	2018-08-17	2018	7	0	JB57N
0.23920431115276486	4.54	2018-08-17	2018	7	15	JB57N
0.22187066541705724	4.24	2018-08-17	2018	7	30	JB57N
0.20453701968134963	3.94	2018-08-17	2018	7	45	JB57N
0.18720337394564202	3.64	2018-08-17	2018	8	0	JB57N
0.1698697282099344	3.34	2018-08-17	2018	8	15	JB57N
0.1525360824742268	3.04	2018-08-17	2018	8	30	JB57N
0.13520243673851917	2.7399999999999998	2018-08-17	2018	8	45	JB57N
0.11786879100281178	2.44	2018-08-17	2018	9	0	JB57N
0.10053514526710416	2.14	2018-08-17	2018	9	15	JB57N
0.08320149953139655	1.8399999999999999	2018-08-17	2018	9	30	JB57N
0.06586785379568894	1.54	2018-08-17	2018	9	45	JB57N
0.04853420805998132	1.24	2018-08-17	2018	10	0	JB57N
0.031200562324273706	0.9400000000000001	2018-08-17	2018	10	15	JB57N
0.013866916588566092	0.64	2018-08-17	2018	10	30	JB57N
0.0	0.42000000000000004	2018-08-17	2018	10	45	JB57N
0.0	0.42000000000000004	2018-08-17	2018	11	0	JB57N
0.46266666666666667	0.6000000000000001	2018-08-17	2018	11	15	JB57N
1.1566666666666665	0.5	2018-08-17	2018	11	30	JB57N
1.197	0.42000000000000004	2018-08-17	2018	11	45	JB57N
1.133	0.42000000000000004	2018-08-17	2018	12	0	JB57N
2.4376666666666664	0.42000000000000004	2018-08-17	2018	12	15	JB57N
3.373	0.0	2018-08-17	2018	12	30	JB57N
2.08	0.0	2018-08-17	2018	12	45	JB57N
2.909	0.0	2018-08-17	2018	13	0	JB57N
2.934	0.0	2018-08-17	2018	13	15	JB57N
4.636	0.0	2018-08-17	2018	13	30	JB57N
3.652	0.0	2018-08-17	2018	13	45	JB57N
3.801	0.0	2018-08-17	2018	14	0	JB57N
2.616	0.0	2018-08-17	2018	14	15	JB57N
3.599	0.0	2018-08-17	2018	14	30	JB57N
2.358	0.0	2018-08-17	2018	14	45	JB57N
2.664	0.0	2018-08-17	2018	15	0	JB57N
3.22	0.0	2018-08-17	2018	15	15	JB57N
4.517	0.0	2018-08-17	2018	15	30	JB57N
2.645	0.0	2018-08-17	2018	15	45	JB57N
5.27	0.0	2018-08-17	2018	16	0	JB57N
3.5553333333333335	0.42000000000000004	2018-08-17	2018	16	15	JB57N
3.1966666666666668	0.42000000000000004	2018-08-17	2018	16	30	JB57N
3.0040000000000004	0.42000000000000004	2018-08-17	2018	16	45	JB57N
3.230873161764706	0.54	2018-08-17	2018	17	0	JB57N
3.2541727941176473	0.8400000000000001	2018-08-17	2018	17	15	JB57N
3.2774724264705886	1.1400000000000001	2018-08-17	2018	17	30	JB57N
3.3007720588235294	1.44	2018-08-17	2018	17	45	JB57N
3.3240716911764707	1.7400000000000002	2018-08-17	2018	18	0	JB57N
3.347371323529412	2.04	2018-08-17	2018	18	15	JB57N
3.3706709558823533	2.34	2018-08-17	2018	18	30	JB57N
3.393970588235294	2.64	2018-08-17	2018	18	45	JB57N
3.4172702205882355	2.94	2018-08-17	2018	19	0	JB57N
3.440569852941177	3.2399999999999998	2018-08-17	2018	19	15	JB57N
3.463869485294118	3.54	2018-08-17	2018	19	30	JB57N
3.487169117647059	3.84	2018-08-17	2018	19	45	JB57N
3.5104687500000002	4.140000000000001	2018-08-17	2018	20	0	JB57N
3.5337683823529416	4.44	2018-08-17	2018	20	15	JB57N
3.557068014705883	4.74	2018-08-17	2018	20	30	JB57N
3.5803676470588237	5.04	2018-08-17	2018	20	45	JB57N
3.603667279411765	5.340000000000001	2018-08-17	2018	21	0	JB57N
3.6269669117647063	5.640000000000001	2018-08-17	2018	21	15	JB57N
3.650266544117647	5.74	2018-08-17	2018	21	30	JB57N
3.6735661764705885	5.44	2018-08-17	2018	21	45	JB57N
3.6968658088235298	5.140000000000001	2018-08-17	2018	22	0	JB57N
3.720165441176471	4.840000000000001	2018-08-17	2018	22	15	JB57N
3.7434650735294124	4.54	2018-08-17	2018	22	30	JB57N
3.7667647058823532	4.24	2018-08-17	2018	22	45	JB57N
3.7900643382352945	3.94	2018-08-17	2018	23	0	JB57N
3.8133639705882354	3.64	2018-08-17	2018	23	15	JB57N
3.8366636029411767	3.34	2018-08-17	2018	23	30	JB57N
3.859963235294118	3.04	2018-08-17	2018	23	45	JB57N
3.8832628676470593	2.7399999999999998	2018-08-18	2018	0	0	JB57N
3.9065625000000006	2.44	2018-08-18	2018	0	15	JB57N
3.9298621323529415	2.14	2018-08-18	2018	0	30	JB57N
3.9531617647058828	1.8399999999999999	2018-08-18	2018	0	45	JB57N
3.976461397058824	1.54	2018-08-18	2018	1	0	JB57N
3.999761029411765	1.24	2018-08-18	2018	1	15	JB57N
4.023060661764706	0.9400000000000001	2018-08-18	2018	1	30	JB57N
4.0463602941176475	0.64	2018-08-18	2018	1	45	JB57N
3.6165000000000003	0.42000000000000004	2018-08-18	2018	2	0	JB57N
3.815	0.42000000000000004	2018-08-18	2018	2	15	JB57N
4.633	0.42000000000000004	2018-08-18	2018	2	30	JB57N
3.6925	0.42000000000000004	2018-08-18	2018	2	45	JB57N
3.852	0.42000000000000004	2018-08-18	2018	3	0	JB57N
3.636	0.42000000000000004	2018-08-18	2018	3	15	JB57N
3.42	0.42000000000000004	2018-08-18	2018	3	30	JB57N
3.6485000000000003	0.42000000000000004	2018-08-18	2018	3	45	JB57N
3.742	0.42000000000000004	2018-08-18	2018	4	0	JB57N
3.2736666666666667	0.42000000000000004	2018-08-18	2018	4	15	JB57N
3.752	0.0	2018-08-18	2018	4	30	JB57N
3.168	0.0	2018-08-18	2018	4	45	JB57N
3.383	0.0	2018-08-18	2018	5	0	JB57N
3.309	0.0	2018-08-18	2018	5	15	JB57N
3.238	0.0	2018-08-18	2018	5	30	JB57N
3.268	0.0	2018-08-18	2018	5	45	JB57N
3.2030000000000003	0.0	2018-08-18	2018	6	0	JB57N
3.303	0.0	2018-08-18	2018	6	15	JB57N
3.168	0.0	2018-08-18	2018	6	30	JB57N
3.649	0.0	2018-08-18	2018	6	45	JB57N
3.534	0.0	2018-08-18	2018	7	0	JB57N
3.856	0.0	2018-08-18	2018	7	15	JB57N
4.164	0.0	2018-08-18	2018	7	30	JB57N
6.28	0.0	2018-08-18	2018	7	45	JB57N
3.815	0.0	2018-08-18	2018	8	0	JB57N
4.626333333333333	0.42000000000000004	2018-08-18	2018	8	15	JB57N
3.941	0.42000000000000004	2018-08-18	2018	8	30	JB57N
3.7125000000000004	0.42000000000000004	2018-08-18	2018	8	45	JB57N
3.7750000000000004	0.42000000000000004	2018-08-18	2018	9	0	JB57N
4.1045	0.42000000000000004	2018-08-18	2018	9	15	JB57N
4.23	0.42000000000000004	2018-08-18	2018	9	30	JB57N
3.3725	0.42000000000000004	2018-08-18	2018	9	45	JB57N
2.068	0.42000000000000004	2018-08-18	2018	10	0	JB57N
2.137	0.42000000000000004	2018-08-18	2018	10	15	JB57N
3.1305000000000005	0.42000000000000004	2018-08-18	2018	10	30	JB57N
3.6515000000000004	0.42000000000000004	2018-08-18	2018	10	45	JB57N
2.3194999999999997	0.42000000000000004	2018-08-18	2018	11	0	JB57N
3.7055000000000002	0.42000000000000004	2018-08-18	2018	11	15	JB57N
2.7515	0.42000000000000004	2018-08-18	2018	11	30	JB57N
2.965	0.42000000000000004	2018-08-18	2018	11	45	JB57N
2.7906666666666666	0.42000000000000004	2018-08-18	2018	12	0	JB57N
3.4796666666666667	0.42000000000000004	2018-08-18	2018	12	15	JB57N
3.358	0.0	2018-08-18	2018	12	30	JB57N
2.281	0.0	2018-08-18	2018	12	45	JB57N
2.307	0.0	2018-08-18	2018	13	0	JB57N
2.145	0.0	2018-08-18	2018	13	15	JB57N
2.11	0.0	2018-08-18	2018	13	30	JB57N
1.5730000000000002	0.0	2018-08-18	2018	13	45	JB57N
1.364	0.0	2018-08-18	2018	14	0	JB57N
1.204	0.0	2018-08-18	2018	14	15	JB57N
1.115	0.0	2018-08-18	2018	14	30	JB57N
0.0	0.0	2018-08-18	2018	14	45	JB57N
1.083	0.0	2018-08-18	2018	15	0	JB57N
1.509	0.0	2018-08-18	2018	15	15	JB57N
1.736	0.0	2018-08-18	2018	15	30	JB57N
1.957	0.0	2018-08-18	2018	15	45	JB57N
1.813	0.0	2018-08-18	2018	16	0	JB57N
1.4943333333333333	0.42000000000000004	2018-08-18	2018	16	15	JB57N
0.5576666666666666	0.42000000000000004	2018-08-18	2018	16	30	JB57N
1.6400000000000001	0.42000000000000004	2018-08-18	2018	16	45	JB57N
0.03438794726930321	0.5	2018-08-18	2018	17	0	JB57N
0.13755178907721283	0.8	2018-08-18	2018	17	15	JB57N
0.24071563088512243	1.1	2018-08-18	2018	17	30	JB57N
0.34387947269303204	1.4	2018-08-18	2018	17	45	JB57N
0.44704331450094165	1.7000000000000002	2018-08-18	2018	18	0	JB57N
0.5502071563088513	2.0	2018-08-18	2018	18	15	JB57N
0.6533709981167609	2.3000000000000003	2018-08-18	2018	18	30	JB57N
0.7565348399246705	2.6	2018-08-18	2018	18	45	JB57N
0.8596986817325801	2.9	2018-08-18	2018	19	0	JB57N
0.9628625235404897	3.2	2018-08-18	2018	19	15	JB57N
1.0660263653483992	3.5	2018-08-18	2018	19	30	JB57N
1.169190207156309	3.8	2018-08-18	2018	19	45	JB57N
1.2723540489642187	4.1000000000000005	2018-08-18	2018	20	0	JB57N
1.3755178907721282	4.4	2018-08-18	2018	20	15	JB57N
1.4786817325800379	4.7	2018-08-18	2018	20	30	JB57N
1.5818455743879474	5.000000000000001	2018-08-18	2018	20	45	JB57N
1.685009416195857	5.300000000000001	2018-08-18	2018	21	0	JB57N
1.7881732580037666	5.6000000000000005	2018-08-18	2018	21	15	JB57N
1.8913370998116763	5.5200000000000005	2018-08-18	2018	21	30	JB57N
1.9945009416195858	5.220000000000001	2018-08-18	2018	21	45	JB57N
2.0976647834274953	4.920000000000001	2018-08-18	2018	22	0	JB57N
2.2008286252354052	4.62	2018-08-18	2018	22	15	JB57N
2.3039924670433147	4.32	2018-08-18	2018	22	30	JB57N
2.4071563088512242	4.0200000000000005	2018-08-18	2018	22	45	JB57N
2.5103201506591337	3.72	2018-08-18	2018	23	0	JB57N
2.6134839924670437	3.42	2018-08-18	2018	23	15	JB57N
2.716647834274953	3.12	2018-08-18	2018	23	30	JB57N
2.8198116760828627	2.82	2018-08-18	2018	23	45	JB57N
2.922975517890772	2.52	2018-08-19	2018	0	0	JB57N
3.026139359698682	2.22	2018-08-19	2018	0	15	JB57N
3.1293032015065916	1.92	2018-08-19	2018	0	30	JB57N
3.232467043314501	1.62	2018-08-19	2018	0	45	JB57N
3.335630885122411	1.32	2018-08-19	2018	1	0	JB57N
3.4387947269303205	1.02	2018-08-19	2018	1	15	JB57N
3.54195856873823	0.72	2018-08-19	2018	1	30	JB57N
3.6451224105461395	0.42000000000000004	2018-08-19	2018	1	45	JB57N
3.6625	0.42000000000000004	2018-08-19	2018	2	0	JB57N
3.5925000000000002	0.42000000000000004	2018-08-19	2018	2	15	JB57N
3.4810000000000003	0.42000000000000004	2018-08-19	2018	2	30	JB57N
3.4960000000000004	0.42000000000000004	2018-08-19	2018	2	45	JB57N
3.7535	0.42000000000000004	2018-08-19	2018	3	0	JB57N
3.8545	0.42000000000000004	2018-08-19	2018	3	15	JB57N
3.4960000000000004	0.42000000000000004	2018-08-19	2018	3	30	JB57N
3.516	0.42000000000000004	2018-08-19	2018	3	45	JB57N
3.3706666666666667	0.42000000000000004	2018-08-19	2018	4	0	JB57N
3.3953333333333333	0.42000000000000004	2018-08-19	2018	4	15	JB57N
3.612	0.0	2018-08-19	2018	4	30	JB57N
3.534	0.0	2018-08-19	2018	4	45	JB57N
3.614	0.0	2018-08-19	2018	5	0	JB57N
3.649	0.0	2018-08-19	2018	5	15	JB57N
3.2030000000000003	0.0	2018-08-19	2018	5	30	JB57N
3.274	0.0	2018-08-19	2018	5	45	JB57N
3.131	0.0	2018-08-19	2018	6	0	JB57N
2.934	0.0	2018-08-19	2018	6	15	JB57N
3.309	0.0	2018-08-19	2018	6	30	JB57N
3.168	0.0	2018-08-19	2018	6	45	JB57N
3.273	0.0	2018-08-19	2018	7	0	JB57N
4.174	0.0	2018-08-19	2018	7	15	JB57N
4.174	0.0	2018-08-19	2018	7	30	JB57N
3.749	0.0	2018-08-19	2018	7	45	JB57N
3.599	0.0	2018-08-19	2018	8	0	JB57N
3.416666666666667	0.42000000000000004	2018-08-19	2018	8	15	JB57N
3.994666666666667	0.42000000000000004	2018-08-19	2018	8	30	JB57N
4.318	0.42000000000000004	2018-08-19	2018	8	45	JB57N
2.967	0.42000000000000004	2018-08-19	2018	9	0	JB57N
2.673	0.42000000000000004	2018-08-19	2018	9	15	JB57N
2.22	0.42000000000000004	2018-08-19	2018	9	30	JB57N
2.3064999999999998	0.42000000000000004	2018-08-19	2018	9	45	JB57N
2.0675	0.42000000000000004	2018-08-19	2018	10	0	JB57N
2.307	0.42000000000000004	2018-08-19	2018	10	15	JB57N
2.1855	0.42000000000000004	2018-08-19	2018	10	30	JB57N
2.759	0.42000000000000004	2018-08-19	2018	10	45	JB57N
2.3075	0.42000000000000004	2018-08-19	2018	11	0	JB57N
2.3345000000000002	0.42000000000000004	2018-08-19	2018	11	15	JB57N
2.2705	0.42000000000000004	2018-08-19	2018	11	30	JB57N
1.7570000000000001	0.42000000000000004	2018-08-19	2018	11	45	JB57N
1.786	0.42000000000000004	2018-08-19	2018	12	0	JB57N
1.5786666666666667	0.42000000000000004	2018-08-19	2018	12	15	JB57N
1.5730000000000002	0.0	2018-08-19	2018	12	30	JB57N
2.332	0.0	2018-08-19	2018	12	45	JB57N
2.057	0.0	2018-08-19	2018	13	0	JB57N
1.887	0.0	2018-08-19	2018	13	15	JB57N
3.097	0.0	2018-08-19	2018	13	30	JB57N
2.8480000000000003	0.0	2018-08-19	2018	13	45	JB57N
3.756	0.0	2018-08-19	2018	14	0	JB57N
5.073	0.0	2018-08-19	2018	14	15	JB57N
3.168	0.0	2018-08-19	2018	14	30	JB57N
6.127000000000002	0.0	2018-08-19	2018	14	45	JB57N
3.265	0.0	2018-08-19	2018	15	0	JB57N
3.085	0.0	2018-08-19	2018	15	15	JB57N
2.389	0.0	2018-08-19	2018	15	30	JB57N
2.563	0.0	2018-08-19	2018	15	45	JB57N
2.332	0.0	2018-08-19	2018	16	0	JB57N
2.8716666666666666	0.42000000000000004	2018-08-19	2018	16	15	JB57N
0.8283333333333333	0.42000000000000004	2018-08-19	2018	16	30	JB57N
2.1740000000000004	0.42000000000000004	2018-08-19	2018	16	45	JB57N
3.3460753138075314	0.5	2018-08-19	2018	17	0	JB57N
3.3703012552301255	0.8	2018-08-19	2018	17	15	JB57N
3.3945271966527195	1.1	2018-08-19	2018	17	30	JB57N
3.418753138075314	1.4	2018-08-19	2018	17	45	JB57N
3.442979079497908	1.7000000000000002	2018-08-19	2018	18	0	JB57N
3.467205020920502	2.0	2018-08-19	2018	18	15	JB57N
3.491430962343096	2.3000000000000003	2018-08-19	2018	18	30	JB57N
3.5156569037656906	2.6	2018-08-19	2018	18	45	JB57N
3.5398828451882847	2.9	2018-08-19	2018	19	0	JB57N
3.5641087866108787	3.2	2018-08-19	2018	19	15	JB57N
3.5883347280334728	3.5	2018-08-19	2018	19	30	JB57N
3.612560669456067	3.8	2018-08-19	2018	19	45	JB57N
3.6367866108786613	4.1000000000000005	2018-08-19	2018	20	0	JB57N
3.6610125523012553	4.4	2018-08-19	2018	20	15	JB57N
3.6852384937238494	4.7	2018-08-19	2018	20	30	JB57N
3.7094644351464434	5.000000000000001	2018-08-19	2018	20	45	JB57N
3.7336903765690375	5.300000000000001	2018-08-19	2018	21	0	JB57N
3.757916317991632	5.6000000000000005	2018-08-19	2018	21	15	JB57N
3.782142259414226	5.9	2018-08-19	2018	21	30	JB57N
3.80636820083682	6.2	2018-08-19	2018	21	45	JB57N
3.830594142259414	6.500000000000001	2018-08-19	2018	22	0	JB57N
3.854820083682008	6.800000000000001	2018-08-19	2018	22	15	JB57N
3.8790460251046026	7.1000000000000005	2018-08-19	2018	22	30	JB57N
3.9032719665271967	7.4	2018-08-19	2018	22	45	JB57N
3.9274979079497907	7.7	2018-08-19	2018	23	0	JB57N
3.9517238493723847	8.0	2018-08-19	2018	23	15	JB57N
3.975949790794979	8.3	2018-08-19	2018	23	30	JB57N
4.000175732217573	8.6	2018-08-19	2018	23	45	JB57N
4.024401673640167	8.9	2018-08-20	2018	0	0	JB57N
4.048627615062761	9.200000000000001	2018-08-20	2018	0	15	JB57N
4.072853556485356	9.5	2018-08-20	2018	0	30	JB57N
4.0970794979079495	9.8	2018-08-20	2018	0	45	JB57N
4.121305439330544	9.82	2018-08-20	2018	1	0	JB57N
4.1455313807531375	9.520000000000001	2018-08-20	2018	1	15	JB57N
4.169757322175732	9.22	2018-08-20	2018	1	30	JB57N
4.1939832635983265	8.92	2018-08-20	2018	1	45	JB57N
4.21820920502092	8.620000000000001	2018-08-20	2018	2	0	JB57N
4.242435146443515	8.32	2018-08-20	2018	2	15	JB57N
4.266661087866108	8.02	2018-08-20	2018	2	30	JB57N
4.290887029288703	7.720000000000001	2018-08-20	2018	2	45	JB57N
4.315112970711297	7.420000000000001	2018-08-20	2018	3	0	JB57N
4.339338912133891	7.12	2018-08-20	2018	3	15	JB57N
4.363564853556485	6.82	2018-08-20	2018	3	30	JB57N
4.387790794979079	6.5200000000000005	2018-08-20	2018	3	45	JB57N
4.412016736401673	6.220000000000001	2018-08-20	2018	4	0	JB57N
4.436242677824268	5.920000000000001	2018-08-20	2018	4	15	JB57N
4.460468619246861	5.62	2018-08-20	2018	4	30	JB57N
4.484694560669456	5.32	2018-08-20	2018	4	45	JB57N
4.5089205020920495	5.0200000000000005	2018-08-20	2018	5	0	JB57N
4.533146443514644	4.720000000000001	2018-08-20	2018	5	15	JB57N
4.5573723849372385	4.420000000000001	2018-08-20	2018	5	30	JB57N
4.581598326359833	4.12	2018-08-20	2018	5	45	JB57N
4.605824267782427	3.82	2018-08-20	2018	6	0	JB57N
4.63005020920502	3.52	2018-08-20	2018	6	15	JB57N
4.654276150627615	3.2199999999999998	2018-08-20	2018	6	30	JB57N
4.678502092050209	2.92	2018-08-20	2018	6	45	JB57N
4.702728033472804	2.62	2018-08-20	2018	7	0	JB57N
4.726953974895397	2.32	2018-08-20	2018	7	15	JB57N
4.751179916317991	2.02	2018-08-20	2018	7	30	JB57N
4.775405857740585	1.7200000000000002	2018-08-20	2018	7	45	JB57N
4.79963179916318	1.42	2018-08-20	2018	8	0	JB57N
4.823857740585774	1.12	2018-08-20	2018	8	15	JB57N
4.848083682008368	0.8200000000000001	2018-08-20	2018	8	30	JB57N
4.872309623430962	0.52	2018-08-20	2018	8	45	JB57N
2.4105	0.42000000000000004	2018-08-20	2018	9	0	JB57N
1.729	0.42000000000000004	2018-08-20	2018	9	15	JB57N
1.8185	0.42000000000000004	2018-08-20	2018	9	30	JB57N
1.9375	0.42000000000000004	2018-08-20	2018	9	45	JB57N
2.0175	0.42000000000000004	2018-08-20	2018	10	0	JB57N
1.6615000000000002	0.42000000000000004	2018-08-20	2018	10	15	JB57N
1.1905	0.42000000000000004	2018-08-20	2018	10	30	JB57N
1.1640000000000001	0.42000000000000004	2018-08-20	2018	10	45	JB57N
0.0	0.42000000000000004	2018-08-20	2018	11	0	JB57N
2.5745	0.42000000000000004	2018-08-20	2018	11	15	JB57N
0.0	0.42000000000000004	2018-08-20	2018	11	30	JB57N
0.0	0.42000000000000004	2018-08-20	2018	11	45	JB57N
0.0	0.42000000000000004	2018-08-20	2018	12	0	JB57N
0.0	0.42000000000000004	2018-08-20	2018	12	15	JB57N
3.0410000000000004	0.0	2018-08-20	2018	12	30	JB57N
3.483	0.0	2018-08-20	2018	12	45	JB57N
2.184	0.0	2018-08-20	2018	13	0	JB57N
2.307	0.0	2018-08-20	2018	13	15	JB57N
2.432	0.0	2018-08-20	2018	13	30	JB57N
2.307	0.0	2018-08-20	2018	13	45	JB57N
2.332	0.0	2018-08-20	2018	14	0	JB57N
3.338	0.0	2018-08-20	2018	14	15	JB57N
3.22	0.0	2018-08-20	2018	14	30	JB57N
2.232	0.0	2018-08-20	2018	14	45	JB57N
1.643	0.0	2018-08-20	2018	15	0	JB57N
0.0	0.0	2018-08-20	2018	15	15	JB57N
2.236	0.0	2018-08-20	2018	15	30	JB57N
1.236	0.0	2018-08-20	2018	15	45	JB57N
0.0	0.0	2018-08-20	2018	16	0	JB57N
2.992	0.42000000000000004	2018-08-20	2018	16	15	JB57N
1.7576666666666667	0.42000000000000004	2018-08-20	2018	16	30	JB57N
2.1334999999999997	0.42000000000000004	2018-08-20	2018	16	45	JB57N
2.7694871794871796	0.5	2018-08-20	2018	17	0	JB57N
2.800948717948718	0.8	2018-08-20	2018	17	15	JB57N
2.8324102564102565	1.1	2018-08-20	2018	17	30	JB57N
2.8638717948717947	1.4	2018-08-20	2018	17	45	JB57N
2.8953333333333333	1.7000000000000002	2018-08-20	2018	18	0	JB57N
2.926794871794872	2.0	2018-08-20	2018	18	15	JB57N
2.95825641025641	2.3000000000000003	2018-08-20	2018	18	30	JB57N
2.989717948717949	2.6	2018-08-20	2018	18	45	JB57N
3.021179487179487	2.9	2018-08-20	2018	19	0	JB57N
3.0526410256410257	3.2	2018-08-20	2018	19	15	JB57N
3.0841025641025643	3.5	2018-08-20	2018	19	30	JB57N
3.1155641025641025	3.8	2018-08-20	2018	19	45	JB57N
3.147025641025641	4.1000000000000005	2018-08-20	2018	20	0	JB57N
3.1784871794871794	4.4	2018-08-20	2018	20	15	JB57N
3.209948717948718	4.7	2018-08-20	2018	20	30	JB57N
3.2414102564102567	5.000000000000001	2018-08-20	2018	20	45	JB57N
3.272871794871795	5.300000000000001	2018-08-20	2018	21	0	JB57N
3.304333333333333	5.6000000000000005	2018-08-20	2018	21	15	JB57N
3.3357948717948718	5.9	2018-08-20	2018	21	30	JB57N
3.3672564102564104	6.2	2018-08-20	2018	21	45	JB57N
3.398717948717949	6.000000000000001	2018-08-20	2018	22	0	JB57N
3.4301794871794873	5.7	2018-08-20	2018	22	15	JB57N
3.4616410256410255	5.4	2018-08-20	2018	22	30	JB57N
3.493102564102564	5.1000000000000005	2018-08-20	2018	22	45	JB57N
3.524564102564103	4.800000000000001	2018-08-20	2018	23	0	JB57N
3.5560256410256414	4.5	2018-08-20	2018	23	15	JB57N
3.5874871794871797	4.2	2018-08-20	2018	23	30	JB57N
3.618948717948718	3.9	2018-08-20	2018	23	45	JB57N
3.6504102564102565	3.6	2018-08-21	2018	0	0	JB57N
3.681871794871795	3.3	2018-08-21	2018	0	15	JB57N
3.7133333333333334	3.0	2018-08-21	2018	0	30	JB57N
3.744794871794872	2.7	2018-08-21	2018	0	45	JB57N
3.7762564102564102	2.4	2018-08-21	2018	1	0	JB57N
3.807717948717949	2.1	2018-08-21	2018	1	15	JB57N
3.8391794871794875	1.8000000000000003	2018-08-21	2018	1	30	JB57N
3.870641025641026	1.5	2018-08-21	2018	1	45	JB57N
3.9021025641025644	1.2000000000000002	2018-08-21	2018	2	0	JB57N
3.9335641025641026	0.9	2018-08-21	2018	2	15	JB57N
3.9650256410256413	0.6000000000000001	2018-08-21	2018	2	30	JB57N
4.075	0.42000000000000004	2018-08-21	2018	2	45	JB57N
3.9865000000000004	0.42000000000000004	2018-08-21	2018	3	0	JB57N
3.9215	0.42000000000000004	2018-08-21	2018	3	15	JB57N
3.841	0.42000000000000004	2018-08-21	2018	3	30	JB57N
3.9930000000000003	0.42000000000000004	2018-08-21	2018	3	45	JB57N
3.9683333333333333	0.42000000000000004	2018-08-21	2018	4	0	JB57N
3.8433333333333333	0.42000000000000004	2018-08-21	2018	4	15	JB57N
4.498	0.0	2018-08-21	2018	4	30	JB57N
3.874	0.0	2018-08-21	2018	4	45	JB57N
3.199	0.0	2018-08-21	2018	5	0	JB57N
2.778	0.0	2018-08-21	2018	5	15	JB57N
2.49	0.0	2018-08-21	2018	5	30	JB57N
2.603	0.0	2018-08-21	2018	5	45	JB57N
2.902	0.0	2018-08-21	2018	6	0	JB57N
3.048	0.0	2018-08-21	2018	6	15	JB57N
2.899	0.0	2018-08-21	2018	6	30	JB57N
2.902	0.0	2018-08-21	2018	6	45	JB57N
2.839	0.0	2018-08-21	2018	7	0	JB57N
2.8710000000000004	0.0	2018-08-21	2018	7	15	JB57N
2.602	0.0	2018-08-21	2018	7	30	JB57N
2.393	0.0	2018-08-21	2018	7	45	JB57N
2.718	0.0	2018-08-21	2018	8	0	JB57N
2.4953333333333334	0.42000000000000004	2018-08-21	2018	8	15	JB57N
3.1086666666666667	0.42000000000000004	2018-08-21	2018	8	30	JB57N
3.293	0.42000000000000004	2018-08-21	2018	8	45	JB57N
3.379	0.42000000000000004	2018-08-21	2018	9	0	JB57N
2.5825	0.42000000000000004	2018-08-21	2018	9	15	JB57N
2.768	0.42000000000000004	2018-08-21	2018	9	30	JB57N
2.52	0.42000000000000004	2018-08-21	2018	9	45	JB57N
2.3555	0.42000000000000004	2018-08-21	2018	10	0	JB57N
2.748	0.42000000000000004	2018-08-21	2018	10	15	JB57N
3.974	0.42000000000000004	2018-08-21	2018	10	30	JB57N
3.034	0.42000000000000004	2018-08-21	2018	10	45	JB57N
3.0120000000000005	0.42000000000000004	2018-08-21	2018	11	0	JB57N
2.4985	0.42000000000000004	2018-08-21	2018	11	15	JB57N
2.9465000000000003	0.42000000000000004	2018-08-21	2018	11	30	JB57N
2.6610000000000005	0.42000000000000004	2018-08-21	2018	11	45	JB57N
3.263333333333333	0.42000000000000004	2018-08-21	2018	12	0	JB57N
2.7319999999999998	0.42000000000000004	2018-08-21	2018	12	15	JB57N
2.49	0.0	2018-08-21	2018	12	30	JB57N
3.129	0.0	2018-08-21	2018	12	45	JB57N
2.307	0.0	2018-08-21	2018	13	0	JB57N
2.332	0.0	2018-08-21	2018	13	15	JB57N
3.233	0.0	2018-08-21	2018	13	30	JB57N
3.852	0.0	2018-08-21	2018	13	45	JB57N
2.5	0.0	2018-08-21	2018	14	0	JB57N
3.199	0.0	2018-08-21	2018	14	15	JB57N
2.563	0.0	2018-08-21	2018	14	30	JB57N
2.259	0.0	2018-08-21	2018	14	45	JB57N
2.809	0.0	2018-08-21	2018	15	0	JB57N
3.373	0.0	2018-08-21	2018	15	15	JB57N
3.752	0.0	2018-08-21	2018	15	30	JB57N
4.13	0.0	2018-08-21	2018	15	45	JB57N
5.685	0.0	2018-08-21	2018	16	0	JB57N
3.3476666666666666	0.42000000000000004	2018-08-21	2018	16	15	JB57N
2.7006666666666668	0.42000000000000004	2018-08-21	2018	16	30	JB57N
4.5705	0.42000000000000004	2018-08-21	2018	16	45	JB57N
3.908217320261438	0.54	2018-08-21	2018	17	0	JB57N
3.8936830065359476	0.8400000000000001	2018-08-21	2018	17	15	JB57N
3.8791486928104577	1.1400000000000001	2018-08-21	2018	17	30	JB57N
3.8646143790849674	1.44	2018-08-21	2018	17	45	JB57N
3.850080065359477	1.7400000000000002	2018-08-21	2018	18	0	JB57N
3.835545751633987	2.04	2018-08-21	2018	18	15	JB57N
3.821011437908497	2.34	2018-08-21	2018	18	30	JB57N
3.8064771241830067	2.64	2018-08-21	2018	18	45	JB57N
3.7919428104575164	2.94	2018-08-21	2018	19	0	JB57N
3.777408496732026	3.2399999999999998	2018-08-21	2018	19	15	JB57N
3.762874183006536	3.54	2018-08-21	2018	19	30	JB57N
3.748339869281046	3.84	2018-08-21	2018	19	45	JB57N
3.7338055555555556	4.140000000000001	2018-08-21	2018	20	0	JB57N
3.7192712418300653	4.44	2018-08-21	2018	20	15	JB57N
3.704736928104575	4.74	2018-08-21	2018	20	30	JB57N
3.690202614379085	5.04	2018-08-21	2018	20	45	JB57N
3.675668300653595	5.340000000000001	2018-08-21	2018	21	0	JB57N
3.6611339869281045	5.640000000000001	2018-08-21	2018	21	15	JB57N
3.6465996732026142	5.94	2018-08-21	2018	21	30	JB57N
3.6320653594771244	6.24	2018-08-21	2018	21	45	JB57N
3.617531045751634	6.500000000000001	2018-08-21	2018	22	0	JB57N
3.602996732026144	6.2	2018-08-21	2018	22	15	JB57N
3.5884624183006535	5.9	2018-08-21	2018	22	30	JB57N
3.5739281045751636	5.6000000000000005	2018-08-21	2018	22	45	JB57N
3.5593937908496733	5.300000000000001	2018-08-21	2018	23	0	JB57N
3.544859477124183	5.000000000000001	2018-08-21	2018	23	15	JB57N
3.5303251633986927	4.7	2018-08-21	2018	23	30	JB57N
3.515790849673203	4.4	2018-08-21	2018	23	45	JB57N
3.5012565359477126	4.1000000000000005	2018-08-22	2018	0	0	JB57N
3.4867222222222223	3.8	2018-08-22	2018	0	15	JB57N
3.472187908496732	3.5	2018-08-22	2018	0	30	JB57N
3.4576535947712417	3.2	2018-08-22	2018	0	45	JB57N
3.443119281045752	2.9	2018-08-22	2018	1	0	JB57N
3.4285849673202615	2.6	2018-08-22	2018	1	15	JB57N
3.4140506535947712	2.3000000000000003	2018-08-22	2018	1	30	JB57N
3.3995163398692814	2.0	2018-08-22	2018	1	45	JB57N
3.384982026143791	1.7000000000000002	2018-08-22	2018	2	0	JB57N
3.3704477124183008	1.4	2018-08-22	2018	2	15	JB57N
3.3559133986928105	1.1	2018-08-22	2018	2	30	JB57N
3.34137908496732	0.8	2018-08-22	2018	2	45	JB57N
3.32684477124183	0.5	2018-08-22	2018	3	0	JB57N
3.5675	0.42000000000000004	2018-08-22	2018	3	15	JB57N
3.7030000000000003	0.42000000000000004	2018-08-22	2018	3	30	JB57N
1.717	0.42000000000000004	2018-08-22	2018	3	45	JB57N
3.4076666666666666	0.42000000000000004	2018-08-22	2018	4	0	JB57N
3.74	0.42000000000000004	2018-08-22	2018	4	15	JB57N
3.457	0.0	2018-08-22	2018	4	30	JB57N
3.383	0.0	2018-08-22	2018	4	45	JB57N
3.462	0.0	2018-08-22	2018	5	0	JB57N
3.346	0.0	2018-08-22	2018	5	15	JB57N
3.309	0.0	2018-08-22	2018	5	30	JB57N
3.178	0.0	2018-08-22	2018	5	45	JB57N
3.534	0.0	2018-08-22	2018	6	0	JB57N
3.749	0.0	2018-08-22	2018	6	15	JB57N
3.957	0.0	2018-08-22	2018	6	30	JB57N
3.848	0.0	2018-08-22	2018	6	45	JB57N
4.4	0.0	2018-08-22	2018	7	0	JB57N
0.0	0.0	2018-08-22	2018	7	15	JB57N
4.23	0.0	2018-08-22	2018	7	30	JB57N
3.833	0.0	2018-08-22	2018	7	45	JB57N
4.757	0.0	2018-08-22	2018	8	0	JB57N
3.8743333333333334	0.42000000000000004	2018-08-22	2018	8	15	JB57N
3.8696666666666664	0.42000000000000004	2018-08-22	2018	8	30	JB57N
3.4775	0.42000000000000004	2018-08-22	2018	8	45	JB57N
3.0855	0.42000000000000004	2018-08-22	2018	9	0	JB57N
3.0665	0.42000000000000004	2018-08-22	2018	9	15	JB57N
3.184	0.42000000000000004	2018-08-22	2018	9	30	JB57N
3.4495000000000005	0.42000000000000004	2018-08-22	2018	9	45	JB57N
3.6740000000000004	0.42000000000000004	2018-08-22	2018	10	0	JB57N
3.6	0.42000000000000004	2018-08-22	2018	10	15	JB57N
2.9604999999999997	0.42000000000000004	2018-08-22	2018	10	30	JB57N
2.975	0.42000000000000004	2018-08-22	2018	10	45	JB57N
1.374	0.42000000000000004	2018-08-22	2018	11	0	JB57N
2.8575	0.42000000000000004	2018-08-22	2018	11	15	JB57N
3.2165	0.42000000000000004	2018-08-22	2018	11	30	JB57N
2.543	0.42000000000000004	2018-08-22	2018	11	45	JB57N
3.289	0.42000000000000004	2018-08-22	2018	12	0	JB57N
3.132	0.42000000000000004	2018-08-22	2018	12	15	JB57N
2.307	0.0	2018-08-22	2018	12	30	JB57N
2.748	0.0	2018-08-22	2018	12	45	JB57N
2.688	0.0	2018-08-22	2018	13	0	JB57N
3.174	0.0	2018-08-22	2018	13	15	JB57N
2.778	0.0	2018-08-22	2018	13	30	JB57N
2.982	0.0	2018-08-22	2018	13	45	JB57N
2.496	0.0	2018-08-22	2018	14	0	JB57N
1.874	0.0	2018-08-22	2018	14	15	JB57N
2.386	0.0	2018-08-22	2018	14	30	JB57N
2.272	0.0	2018-08-22	2018	14	45	JB57N
3.4530000000000003	0.0	2018-08-22	2018	15	0	JB57N
3.905	0.0	2018-08-22	2018	15	15	JB57N
2.718	0.0	2018-08-22	2018	15	30	JB57N
4.065	0.0	2018-08-22	2018	15	45	JB57N
3.749	0.0	2018-08-22	2018	16	0	JB57N
2.6496666666666666	0.42000000000000004	2018-08-22	2018	16	15	JB57N
2.481666666666667	0.42000000000000004	2018-08-22	2018	16	30	JB57N
3.5345000000000004	0.42000000000000004	2018-08-22	2018	16	45	JB57N
2.9114251207729467	0.54	2018-08-22	2018	17	0	JB57N
2.9101932367149757	0.8400000000000001	2018-08-22	2018	17	15	JB57N
2.9089613526570046	1.1400000000000001	2018-08-22	2018	17	30	JB57N
2.9077294685990336	1.44	2018-08-22	2018	17	45	JB57N
2.9064975845410626	1.7400000000000002	2018-08-22	2018	18	0	JB57N
2.9052657004830915	2.04	2018-08-22	2018	18	15	JB57N
2.9040338164251205	2.34	2018-08-22	2018	18	30	JB57N
2.90280193236715	2.64	2018-08-22	2018	18	45	JB57N
2.901570048309179	2.94	2018-08-22	2018	19	0	JB57N
2.900338164251208	3.2399999999999998	2018-08-22	2018	19	15	JB57N
2.899106280193237	3.54	2018-08-22	2018	19	30	JB57N
2.8978743961352658	3.84	2018-08-22	2018	19	45	JB57N
2.8966425120772947	4.140000000000001	2018-08-22	2018	20	0	JB57N
2.8954106280193237	4.44	2018-08-22	2018	20	15	JB57N
2.8941787439613527	4.74	2018-08-22	2018	20	30	JB57N
2.8929468599033816	5.04	2018-08-22	2018	20	45	JB57N
2.8917149758454106	5.340000000000001	2018-08-22	2018	21	0	JB57N
2.8904830917874396	5.640000000000001	2018-08-22	2018	21	15	JB57N
2.8892512077294685	5.94	2018-08-22	2018	21	30	JB57N
2.8880193236714975	6.24	2018-08-22	2018	21	45	JB57N
2.8867874396135265	6.540000000000001	2018-08-22	2018	22	0	JB57N
2.8855555555555554	6.840000000000001	2018-08-22	2018	22	15	JB57N
2.8843236714975844	7.140000000000001	2018-08-22	2018	22	30	JB57N
2.8830917874396134	7.44	2018-08-22	2018	22	45	JB57N
2.8818599033816423	7.74	2018-08-22	2018	23	0	JB57N
2.8806280193236713	8.040000000000001	2018-08-22	2018	23	15	JB57N
2.8793961352657003	8.34	2018-08-22	2018	23	30	JB57N
2.8781642512077292	8.64	2018-08-22	2018	23	45	JB57N
2.876932367149758	8.940000000000001	2018-08-23	2018	0	0	JB57N
2.875700483091787	9.24	2018-08-23	2018	0	15	JB57N
2.8744685990338166	9.540000000000001	2018-08-23	2018	0	30	JB57N
2.8732367149758455	9.84	2018-08-23	2018	0	45	JB57N
2.8720048309178745	10.14	2018-08-23	2018	1	0	JB57N
2.8707729468599035	10.440000000000001	2018-08-23	2018	1	15	JB57N
2.8695410628019324	10.74	2018-08-23	2018	1	30	JB57N
2.8683091787439614	10.46	2018-08-23	2018	1	45	JB57N
2.8670772946859904	10.16	2018-08-23	2018	2	0	JB57N
2.8658454106280193	9.860000000000001	2018-08-23	2018	2	15	JB57N
2.8646135265700483	9.56	2018-08-23	2018	2	30	JB57N
2.8633816425120773	9.26	2018-08-23	2018	2	45	JB57N
2.8621497584541062	8.96	2018-08-23	2018	3	0	JB57N
2.860917874396135	8.66	2018-08-23	2018	3	15	JB57N
2.859685990338164	8.36	2018-08-23	2018	3	30	JB57N
2.858454106280193	8.06	2018-08-23	2018	3	45	JB57N
2.857222222222222	7.760000000000001	2018-08-23	2018	4	0	JB57N
2.855990338164251	7.460000000000001	2018-08-23	2018	4	15	JB57N
2.85475845410628	7.16	2018-08-23	2018	4	30	JB57N
2.853526570048309	6.86	2018-08-23	2018	4	45	JB57N
2.852294685990338	6.5600000000000005	2018-08-23	2018	5	0	JB57N
2.851062801932367	6.260000000000001	2018-08-23	2018	5	15	JB57N
2.849830917874396	5.960000000000001	2018-08-23	2018	5	30	JB57N
2.848599033816425	5.66	2018-08-23	2018	5	45	JB57N
2.847367149758454	5.36	2018-08-23	2018	6	0	JB57N
2.8461352657004833	5.0600000000000005	2018-08-23	2018	6	15	JB57N
2.844903381642512	4.760000000000001	2018-08-23	2018	6	30	JB57N
2.843671497584541	4.460000000000001	2018-08-23	2018	6	45	JB57N
2.84243961352657	4.16	2018-08-23	2018	7	0	JB57N
2.841207729468599	3.86	2018-08-23	2018	7	15	JB57N
2.839975845410628	3.56	2018-08-23	2018	7	30	JB57N
2.838743961352657	3.26	2018-08-23	2018	7	45	JB57N
2.837512077294686	2.96	2018-08-23	2018	8	0	JB57N
2.836280193236715	2.66	2018-08-23	2018	8	15	JB57N
2.835048309178744	2.36	2018-08-23	2018	8	30	JB57N
2.833816425120773	2.06	2018-08-23	2018	8	45	JB57N
2.832584541062802	1.7600000000000002	2018-08-23	2018	9	0	JB57N
2.831352657004831	1.46	2018-08-23	2018	9	15	JB57N
2.83012077294686	1.1600000000000001	2018-08-23	2018	9	30	JB57N
2.828888888888889	0.8600000000000001	2018-08-23	2018	9	45	JB57N
2.8276570048309178	0.56	2018-08-23	2018	10	0	JB57N
3.1390000000000002	0.42000000000000004	2018-08-23	2018	10	15	JB57N
2.343	0.42000000000000004	2018-08-23	2018	10	30	JB57N
3.3535	0.42000000000000004	2018-08-23	2018	10	45	JB57N
2.6855	0.42000000000000004	2018-08-23	2018	11	0	JB57N
3.5815	0.42000000000000004	2018-08-23	2018	11	15	JB57N
3.585	0.42000000000000004	2018-08-23	2018	11	30	JB57N
2.774	0.42000000000000004	2018-08-23	2018	11	45	JB57N
2.9313333333333333	0.42000000000000004	2018-08-23	2018	12	0	JB57N
3.327	0.42000000000000004	2018-08-23	2018	12	15	JB57N
3.303	0.0	2018-08-23	2018	12	30	JB57N
3.3110000000000004	0.0	2018-08-23	2018	12	45	JB57N
2.946	0.0	2018-08-23	2018	13	0	JB57N
4.119	0.0	2018-08-23	2018	13	15	JB57N
3.55	0.0	2018-08-23	2018	13	30	JB57N
2.745	0.0	2018-08-23	2018	13	45	JB57N
2.114	0.0	2018-08-23	2018	14	0	JB57N
3.801	0.0	2018-08-23	2018	14	15	JB57N
3.905	0.0	2018-08-23	2018	14	30	JB57N
3.905	0.0	2018-08-23	2018	14	45	JB57N
3.085	0.0	2018-08-23	2018	15	0	JB57N
2.314	0.0	2018-08-23	2018	15	15	JB57N
2.659	0.0	2018-08-23	2018	15	30	JB57N
3.874	0.0	2018-08-23	2018	15	45	JB57N
3.405	0.0	2018-08-23	2018	16	0	JB57N
2.5416666666666665	0.42000000000000004	2018-08-23	2018	16	15	JB57N
3.849	0.42000000000000004	2018-08-23	2018	16	30	JB57N
3.096	0.42000000000000004	2018-08-23	2018	16	45	JB57N
2.3131196013289035	0.5	2018-08-23	2018	17	0	JB57N
2.3704784053156147	0.8	2018-08-23	2018	17	15	JB57N
2.4278372093023255	1.1	2018-08-23	2018	17	30	JB57N
2.4851960132890367	1.4	2018-08-23	2018	17	45	JB57N
2.5425548172757475	1.7000000000000002	2018-08-23	2018	18	0	JB57N
2.5999136212624583	2.0	2018-08-23	2018	18	15	JB57N
2.6572724252491695	2.3000000000000003	2018-08-23	2018	18	30	JB57N
2.7146312292358803	2.6	2018-08-23	2018	18	45	JB57N
2.7719900332225915	2.9	2018-08-23	2018	19	0	JB57N
2.8293488372093023	3.2	2018-08-23	2018	19	15	JB57N
2.886707641196013	3.5	2018-08-23	2018	19	30	JB57N
2.9440664451827243	3.8	2018-08-23	2018	19	45	JB57N
3.0014252491694355	4.1000000000000005	2018-08-23	2018	20	0	JB57N
3.0587840531561463	4.4	2018-08-23	2018	20	15	JB57N
3.116142857142857	4.7	2018-08-23	2018	20	30	JB57N
3.173501661129568	5.000000000000001	2018-08-23	2018	20	45	JB57N
3.230860465116279	5.300000000000001	2018-08-23	2018	21	0	JB57N
3.2882192691029903	5.6000000000000005	2018-08-23	2018	21	15	JB57N
3.345578073089701	5.9	2018-08-23	2018	21	30	JB57N
3.402936877076412	6.2	2018-08-23	2018	21	45	JB57N
3.4602956810631227	6.340000000000001	2018-08-23	2018	22	0	JB57N
3.517654485049834	6.04	2018-08-23	2018	22	15	JB57N
3.575013289036545	5.74	2018-08-23	2018	22	30	JB57N
3.632372093023256	5.44	2018-08-23	2018	22	45	JB57N
3.6897308970099667	5.140000000000001	2018-08-23	2018	23	0	JB57N
3.7470897009966775	4.840000000000001	2018-08-23	2018	23	15	JB57N
3.8044485049833887	4.54	2018-08-23	2018	23	30	JB57N
3.8618073089701	4.24	2018-08-23	2018	23	45	JB57N
3.9191661129568107	3.94	2018-08-24	2018	0	0	JB57N
3.9765249169435215	3.64	2018-08-24	2018	0	15	JB57N
4.033883720930232	3.34	2018-08-24	2018	0	30	JB57N
4.091242524916943	3.04	2018-08-24	2018	0	45	JB57N
4.148601328903655	2.7399999999999998	2018-08-24	2018	1	0	JB57N
4.2059601328903655	2.44	2018-08-24	2018	1	15	JB57N
4.263318936877076	2.14	2018-08-24	2018	1	30	JB57N
4.320677740863788	1.8399999999999999	2018-08-24	2018	1	45	JB57N
4.378036544850499	1.54	2018-08-24	2018	2	0	JB57N
4.4353953488372095	1.24	2018-08-24	2018	2	15	JB57N
4.49275415282392	0.9400000000000001	2018-08-24	2018	2	30	JB57N
4.550112956810631	0.64	2018-08-24	2018	2	45	JB57N
4.4015	0.42000000000000004	2018-08-24	2018	3	0	JB57N
4.527	0.42000000000000004	2018-08-24	2018	3	15	JB57N
5.536	0.42000000000000004	2018-08-24	2018	3	30	JB57N
4.26	0.42000000000000004	2018-08-24	2018	3	45	JB57N
4.3293333333333335	0.42000000000000004	2018-08-24	2018	4	0	JB57N
4.815333333333333	0.42000000000000004	2018-08-24	2018	4	15	JB57N
3.943	0.0	2018-08-24	2018	4	30	JB57N
4.356	0.0	2018-08-24	2018	4	45	JB57N
3.852	0.0	2018-08-24	2018	5	0	JB57N
3.957	0.0	2018-08-24	2018	5	15	JB57N
3.52	0.0	2018-08-24	2018	5	30	JB57N
3.573	0.0	2018-08-24	2018	5	45	JB57N
3.42	0.0	2018-08-24	2018	6	0	JB57N
3.857	0.0	2018-08-24	2018	6	15	JB57N
3.569	0.0	2018-08-24	2018	6	30	JB57N
3.652	0.0	2018-08-24	2018	6	45	JB57N
3.905	0.0	2018-08-24	2018	7	0	JB57N
3.618	0.0	2018-08-24	2018	7	15	JB57N
3.3960000000000004	0.0	2018-08-24	2018	7	30	JB57N
4.5760000000000005	0.0	2018-08-24	2018	7	45	JB57N
3.852	0.0	2018-08-24	2018	8	0	JB57N
3.993	0.42000000000000004	2018-08-24	2018	8	15	JB57N
5.498	0.42000000000000004	2018-08-24	2018	8	30	JB57N
4.281000000000001	0.42000000000000004	2018-08-24	2018	8	45	JB57N
4.391	0.42000000000000004	2018-08-24	2018	9	0	JB57N
4.0649999999999995	0.42000000000000004	2018-08-24	2018	9	15	JB57N
3.5275	0.42000000000000004	2018-08-24	2018	9	30	JB57N
3.697	0.42000000000000004	2018-08-24	2018	9	45	JB57N
3.6515	0.42000000000000004	2018-08-24	2018	10	0	JB57N
4.2325	0.42000000000000004	2018-08-24	2018	10	15	JB57N
3.674	0.42000000000000004	2018-08-24	2018	10	30	JB57N
4.011	0.42000000000000004	2018-08-24	2018	10	45	JB57N
3.6029999999999998	0.42000000000000004	2018-08-24	2018	11	0	JB57N
3.5035	0.42000000000000004	2018-08-24	2018	11	15	JB57N
3.1775	0.42000000000000004	2018-08-24	2018	11	30	JB57N
3.4785000000000004	0.42000000000000004	2018-08-24	2018	11	45	JB57N
3.728666666666667	0.42000000000000004	2018-08-24	2018	12	0	JB57N
3.022	0.42000000000000004	2018-08-24	2018	12	15	JB57N
4.065	0.0	2018-08-24	2018	12	30	JB57N
2.869	0.0	2018-08-24	2018	12	45	JB57N
2.436	0.0	2018-08-24	2018	13	0	JB57N
2.26	0.0	2018-08-24	2018	13	15	JB57N
2.491	0.0	2018-08-24	2018	13	30	JB57N
2.208	0.0	2018-08-24	2018	13	45	JB57N
2.278	0.0	2018-08-24	2018	14	0	JB57N
2.391	0.0	2018-08-24	2018	14	15	JB57N
2.545	0.0	2018-08-24	2018	14	30	JB57N
2.568	0.0	2018-08-24	2018	14	45	JB57N
1.979	0.0	2018-08-24	2018	15	0	JB57N
3.4530000000000003	0.0	2018-08-24	2018	15	15	JB57N
2.718	0.0	2018-08-24	2018	15	30	JB57N
5.226	0.0	2018-08-24	2018	15	45	JB57N
3.915	0.0	2018-08-24	2018	16	0	JB57N
4.211	0.42000000000000004	2018-08-24	2018	16	15	JB57N
4.823666666666667	0.42000000000000004	2018-08-24	2018	16	30	JB57N
3.058	0.42000000000000004	2018-08-24	2018	16	45	JB57N
3.4292462311557785	0.5800000000000001	2018-08-24	2018	17	0	JB57N
3.4629899497487435	0.88	2018-08-24	2018	17	15	JB57N
3.4967336683417085	1.1800000000000002	2018-08-24	2018	17	30	JB57N
3.530477386934673	1.48	2018-08-24	2018	17	45	JB57N
3.564221105527638	1.7800000000000002	2018-08-24	2018	18	0	JB57N
3.597964824120603	2.08	2018-08-24	2018	18	15	JB57N
3.6317085427135676	2.38	2018-08-24	2018	18	30	JB57N
3.6654522613065326	2.68	2018-08-24	2018	18	45	JB57N
3.699195979899497	2.98	2018-08-24	2018	19	0	JB57N
3.732939698492462	3.28	2018-08-24	2018	19	15	JB57N
3.766683417085427	3.58	2018-08-24	2018	19	30	JB57N
3.8004271356783916	3.88	2018-08-24	2018	19	45	JB57N
3.8341708542713566	4.180000000000001	2018-08-24	2018	20	0	JB57N
3.8679145728643216	4.48	2018-08-24	2018	20	15	JB57N
3.901658291457286	4.78	2018-08-24	2018	20	30	JB57N
3.935402010050251	5.08	2018-08-24	2018	20	45	JB57N
3.969145728643216	5.380000000000001	2018-08-24	2018	21	0	JB57N
4.002889447236181	5.680000000000001	2018-08-24	2018	21	15	JB57N
4.036633165829145	5.98	2018-08-24	2018	21	30	JB57N
4.07037688442211	6.28	2018-08-24	2018	21	45	JB57N
4.104120603015075	6.16	2018-08-24	2018	22	0	JB57N
4.13786432160804	5.86	2018-08-24	2018	22	15	JB57N
4.171608040201005	5.5600000000000005	2018-08-24	2018	22	30	JB57N
4.20535175879397	5.260000000000001	2018-08-24	2018	22	45	JB57N
4.239095477386934	4.960000000000001	2018-08-24	2018	23	0	JB57N
4.272839195979899	4.66	2018-08-24	2018	23	15	JB57N
4.306582914572864	4.36	2018-08-24	2018	23	30	JB57N
4.340326633165829	4.0600000000000005	2018-08-24	2018	23	45	JB57N
4.374070351758794	3.76	2018-08-25	2018	0	0	JB57N
4.407814070351758	3.46	2018-08-25	2018	0	15	JB57N
4.441557788944723	3.16	2018-08-25	2018	0	30	JB57N
4.475301507537688	2.86	2018-08-25	2018	0	45	JB57N
4.509045226130653	2.56	2018-08-25	2018	1	0	JB57N
4.542788944723618	2.2600000000000002	2018-08-25	2018	1	15	JB57N
4.576532663316582	1.96	2018-08-25	2018	1	30	JB57N
4.610276381909547	1.6600000000000001	2018-08-25	2018	1	45	JB57N
4.644020100502512	1.3599999999999999	2018-08-25	2018	2	0	JB57N
4.677763819095477	1.06	2018-08-25	2018	2	15	JB57N
4.711507537688442	0.76	2018-08-25	2018	2	30	JB57N
4.745251256281406	0.46	2018-08-25	2018	2	45	JB57N
5.207000000000001	0.42000000000000004	2018-08-25	2018	3	0	JB57N
5.055	0.42000000000000004	2018-08-25	2018	3	15	JB57N
4.712	0.42000000000000004	2018-08-25	2018	3	30	JB57N
4.6739999999999995	0.42000000000000004	2018-08-25	2018	3	45	JB57N
5.602666666666666	0.42000000000000004	2018-08-25	2018	4	0	JB57N
3.7456666666666667	0.42000000000000004	2018-08-25	2018	4	15	JB57N
3.943	0.0	2018-08-25	2018	4	30	JB57N
3.559	0.0	2018-08-25	2018	4	45	JB57N
3.905	0.0	2018-08-25	2018	5	0	JB57N
3.599	0.0	2018-08-25	2018	5	15	JB57N
3.801	0.0	2018-08-25	2018	5	30	JB57N
3.905	0.0	2018-08-25	2018	5	45	JB57N
4.119	0.0	2018-08-25	2018	6	0	JB57N
4.011	0.0	2018-08-25	2018	6	15	JB57N
3.749	0.0	2018-08-25	2018	6	30	JB57N
3.852	0.0	2018-08-25	2018	6	45	JB57N
3.699	0.0	2018-08-25	2018	7	0	JB57N
3.852	0.0	2018-08-25	2018	7	15	JB57N
3.749	0.0	2018-08-25	2018	7	30	JB57N
3.749	0.0	2018-08-25	2018	7	45	JB57N
3.801	0.0	2018-08-25	2018	8	0	JB57N
2.6	0.42000000000000004	2018-08-25	2018	8	15	JB57N
3.9840000000000004	0.42000000000000004	2018-08-25	2018	8	30	JB57N
5.691000000000001	0.42000000000000004	2018-08-25	2018	8	45	JB57N
2.0	0.42000000000000004	2018-08-25	2018	9	0	JB57N
4.1465000000000005	0.42000000000000004	2018-08-25	2018	9	15	JB57N
1.619	0.42000000000000004	2018-08-25	2018	9	30	JB57N
3.168	0.42000000000000004	2018-08-25	2018	9	45	JB57N
3.273	0.42000000000000004	2018-08-25	2018	10	0	JB57N
2.984	0.42000000000000004	2018-08-25	2018	10	15	JB57N
2.566	0.42000000000000004	2018-08-25	2018	10	30	JB57N
2.688	0.42000000000000004	2018-08-25	2018	10	45	JB57N
2.7405	0.42000000000000004	2018-08-25	2018	11	0	JB57N
2.865	0.42000000000000004	2018-08-25	2018	11	15	JB57N
2.307	0.42000000000000004	2018-08-25	2018	11	30	JB57N
3.6315	0.42000000000000004	2018-08-25	2018	11	45	JB57N
2.985	0.42000000000000004	2018-08-25	2018	12	0	JB57N
4.195666666666667	0.42000000000000004	2018-08-25	2018	12	15	JB57N
3.5010000000000003	0.0	2018-08-25	2018	12	30	JB57N
2.652	0.0	2018-08-25	2018	12	45	JB57N
2.7880000000000003	0.0	2018-08-25	2018	13	0	JB57N
3.4410000000000003	0.0	2018-08-25	2018	13	15	JB57N
2.809	0.0	2018-08-25	2018	13	30	JB57N
3.3110000000000004	0.0	2018-08-25	2018	13	45	JB57N
2.355	0.0	2018-08-25	2018	14	0	JB57N
3.085	0.0	2018-08-25	2018	14	15	JB57N
3.22	0.0	2018-08-25	2018	14	30	JB57N
3.405	0.0	2018-08-25	2018	14	45	JB57N
3.749	0.0	2018-08-25	2018	15	0	JB57N
3.405	0.0	2018-08-25	2018	15	15	JB57N
3.265	0.0	2018-08-25	2018	15	30	JB57N
4.458	0.0	2018-08-25	2018	15	45	JB57N
2.8480000000000003	0.0	2018-08-25	2018	16	0	JB57N
2.5036666666666667	0.42000000000000004	2018-08-25	2018	16	15	JB57N
3.2916666666666665	0.42000000000000004	2018-08-25	2018	16	30	JB57N
2.5105000000000004	0.42000000000000004	2018-08-25	2018	16	45	JB57N
2.267919520547945	0.54	2018-08-25	2018	17	0	JB57N
2.291318493150685	0.8400000000000001	2018-08-25	2018	17	15	JB57N
2.3147174657534246	1.1400000000000001	2018-08-25	2018	17	30	JB57N
2.3381164383561646	1.44	2018-08-25	2018	17	45	JB57N
2.361515410958904	1.7400000000000002	2018-08-25	2018	18	0	JB57N
2.384914383561644	2.04	2018-08-25	2018	18	15	JB57N
2.408313356164384	2.34	2018-08-25	2018	18	30	JB57N
2.4317123287671234	2.64	2018-08-25	2018	18	45	JB57N
2.4551113013698633	2.94	2018-08-25	2018	19	0	JB57N
2.478510273972603	3.2399999999999998	2018-08-25	2018	19	15	JB57N
2.5019092465753427	3.54	2018-08-25	2018	19	30	JB57N
2.5253082191780822	3.84	2018-08-25	2018	19	45	JB57N
2.548707191780822	4.140000000000001	2018-08-25	2018	20	0	JB57N
2.5721061643835617	4.44	2018-08-25	2018	20	15	JB57N
2.5955051369863016	4.74	2018-08-25	2018	20	30	JB57N
2.618904109589041	5.04	2018-08-25	2018	20	45	JB57N
2.642303082191781	5.340000000000001	2018-08-25	2018	21	0	JB57N
2.6657020547945205	5.640000000000001	2018-08-25	2018	21	15	JB57N
2.6891010273972604	5.94	2018-08-25	2018	21	30	JB57N
2.7125000000000004	6.24	2018-08-25	2018	21	45	JB57N
2.73589897260274	5.94	2018-08-25	2018	22	0	JB57N
2.7592979452054798	5.640000000000001	2018-08-25	2018	22	15	JB57N
2.7826969178082193	5.340000000000001	2018-08-25	2018	22	30	JB57N
2.806095890410959	5.04	2018-08-25	2018	22	45	JB57N
2.8294948630136987	4.74	2018-08-25	2018	23	0	JB57N
2.8528938356164386	4.44	2018-08-25	2018	23	15	JB57N
2.876292808219178	4.140000000000001	2018-08-25	2018	23	30	JB57N
2.899691780821918	3.84	2018-08-25	2018	23	45	JB57N
2.923090753424658	3.54	2018-08-26	2018	0	0	JB57N
2.9464897260273974	3.2399999999999998	2018-08-26	2018	0	15	JB57N
2.969888698630137	2.94	2018-08-26	2018	0	30	JB57N
2.993287671232877	2.64	2018-08-26	2018	0	45	JB57N
3.016686643835617	2.34	2018-08-26	2018	1	0	JB57N
3.0400856164383563	2.04	2018-08-26	2018	1	15	JB57N
3.063484589041096	1.7400000000000002	2018-08-26	2018	1	30	JB57N
3.0868835616438357	1.44	2018-08-26	2018	1	45	JB57N
3.1102825342465756	1.1400000000000001	2018-08-26	2018	2	0	JB57N
3.133681506849315	0.8400000000000001	2018-08-26	2018	2	15	JB57N
3.157080479452055	0.54	2018-08-26	2018	2	30	JB57N
3.346	0.42000000000000004	2018-08-26	2018	2	45	JB57N
3.774	0.42000000000000004	2018-08-26	2018	3	0	JB57N
3.383	0.42000000000000004	2018-08-26	2018	3	15	JB57N
3.9000000000000004	0.42000000000000004	2018-08-26	2018	3	30	JB57N
4.294	0.42000000000000004	2018-08-26	2018	3	45	JB57N
3.7613333333333334	0.42000000000000004	2018-08-26	2018	4	0	JB57N
3.6643333333333334	0.42000000000000004	2018-08-26	2018	4	15	JB57N
4.065	0.0	2018-08-26	2018	4	30	JB57N
3.732	0.0	2018-08-26	2018	4	45	JB57N
3.692	0.0	2018-08-26	2018	5	0	JB57N
3.309	0.0	2018-08-26	2018	5	15	JB57N
3.395	0.0	2018-08-26	2018	5	30	JB57N
3.4960000000000004	0.0	2018-08-26	2018	5	45	JB57N
3.534	0.0	2018-08-26	2018	6	0	JB57N
3.273	0.0	2018-08-26	2018	6	15	JB57N
3.346	0.0	2018-08-26	2018	6	30	JB57N
2.907	0.0	2018-08-26	2018	6	45	JB57N
2.934	0.0	2018-08-26	2018	7	0	JB57N
2.934	0.0	2018-08-26	2018	7	15	JB57N
2.688	0.0	2018-08-26	2018	7	30	JB57N
2.518	0.0	2018-08-26	2018	7	45	JB57N
2.748	0.0	2018-08-26	2018	8	0	JB57N
2.978666666666667	0.42000000000000004	2018-08-26	2018	8	15	JB57N
3.087666666666667	0.42000000000000004	2018-08-26	2018	8	30	JB57N
3.2555	0.42000000000000004	2018-08-26	2018	8	45	JB57N
3.5995	0.42000000000000004	2018-08-26	2018	9	0	JB57N
3.582	0.42000000000000004	2018-08-26	2018	9	15	JB57N
3.357	0.42000000000000004	2018-08-26	2018	9	30	JB57N
3.6755	0.42000000000000004	2018-08-26	2018	9	45	JB57N
2.8235	0.42000000000000004	2018-08-26	2018	10	0	JB57N
2.604	0.42000000000000004	2018-08-26	2018	10	15	JB57N
1.916	0.42000000000000004	2018-08-26	2018	10	30	JB57N
0.61	0.42000000000000004	2018-08-26	2018	10	45	JB57N
1.095	0.42000000000000004	2018-08-26	2018	11	0	JB57N
2.263	0.42000000000000004	2018-08-26	2018	11	15	JB57N
2.309	0.42000000000000004	2018-08-26	2018	11	30	JB57N
1.2045	0.42000000000000004	2018-08-26	2018	11	45	JB57N
2.264	0.42000000000000004	2018-08-26	2018	12	0	JB57N
1.6613333333333333	0.42000000000000004	2018-08-26	2018	12	15	JB57N
1.158	0.0	2018-08-26	2018	12	30	JB57N
1.038	0.0	2018-08-26	2018	12	45	JB57N
0.9	0.0	2018-08-26	2018	13	0	JB57N
2.332	0.0	2018-08-26	2018	13	15	JB57N
2.909	0.0	2018-08-26	2018	13	30	JB57N
2.407	0.0	2018-08-26	2018	13	45	JB57N
2.878	0.0	2018-08-26	2018	14	0	JB57N
3.534	0.0	2018-08-26	2018	14	15	JB57N
3.174	0.0	2018-08-26	2018	14	30	JB57N
3.129	0.0	2018-08-26	2018	14	45	JB57N
3.852	0.0	2018-08-26	2018	15	0	JB57N
3.3110000000000004	0.0	2018-08-26	2018	15	15	JB57N
2.26	0.0	2018-08-26	2018	15	30	JB57N
1.395	0.0	2018-08-26	2018	15	45	JB57N
1.133	0.0	2018-08-26	2018	16	0	JB57N
1.7263333333333335	0.42000000000000004	2018-08-26	2018	16	15	JB57N
1.8070000000000002	0.42000000000000004	2018-08-26	2018	16	30	JB57N
0.0	0.42000000000000004	2018-08-26	2018	16	45	JB57N
2.713229485396384	0.54	2018-08-26	2018	17	0	JB57N
2.7330069541029207	0.8400000000000001	2018-08-26	2018	17	15	JB57N
2.752784422809458	1.1400000000000001	2018-08-26	2018	17	30	JB57N
2.7725618915159944	1.44	2018-08-26	2018	17	45	JB57N
2.7923393602225315	1.7400000000000002	2018-08-26	2018	18	0	JB57N
2.812116828929068	2.04	2018-08-26	2018	18	15	JB57N
2.831894297635605	2.34	2018-08-26	2018	18	30	JB57N
2.8516717663421423	2.64	2018-08-26	2018	18	45	JB57N
2.871449235048679	2.94	2018-08-26	2018	19	0	JB57N
2.891226703755216	3.2399999999999998	2018-08-26	2018	19	15	JB57N
2.9110041724617526	3.54	2018-08-26	2018	19	30	JB57N
2.9307816411682897	3.84	2018-08-26	2018	19	45	JB57N
2.9505591098748263	4.140000000000001	2018-08-26	2018	20	0	JB57N
2.9703365785813634	4.44	2018-08-26	2018	20	15	JB57N
2.9901140472879	4.74	2018-08-26	2018	20	30	JB57N
3.009891515994437	5.04	2018-08-26	2018	20	45	JB57N
3.0296689847009737	5.340000000000001	2018-08-26	2018	21	0	JB57N
3.0494464534075107	5.640000000000001	2018-08-26	2018	21	15	JB57N
3.0692239221140474	5.94	2018-08-26	2018	21	30	JB57N
3.0890013908205844	6.24	2018-08-26	2018	21	45	JB57N
3.108778859527121	6.540000000000001	2018-08-26	2018	22	0	JB57N
3.128556328233658	6.840000000000001	2018-08-26	2018	22	15	JB57N
3.1483337969401948	7.140000000000001	2018-08-26	2018	22	30	JB57N
3.168111265646732	7.44	2018-08-26	2018	22	45	JB57N
3.1878887343532685	7.44	2018-08-26	2018	23	0	JB57N
3.2076662030598055	7.140000000000001	2018-08-26	2018	23	15	JB57N
3.227443671766342	6.840000000000001	2018-08-26	2018	23	30	JB57N
3.2472211404728792	6.540000000000001	2018-08-26	2018	23	45	JB57N
3.2669986091794163	6.24	2018-08-27	2018	0	0	JB57N
3.286776077885953	5.94	2018-08-27	2018	0	15	JB57N
3.3065535465924896	5.640000000000001	2018-08-27	2018	0	30	JB57N
3.3263310152990266	5.340000000000001	2018-08-27	2018	0	45	JB57N
3.3461084840055637	5.04	2018-08-27	2018	1	0	JB57N
3.3658859527121003	4.74	2018-08-27	2018	1	15	JB57N
3.385663421418637	4.44	2018-08-27	2018	1	30	JB57N
3.405440890125174	4.140000000000001	2018-08-27	2018	1	45	JB57N
3.425218358831711	3.84	2018-08-27	2018	2	0	JB57N
3.4449958275382477	3.54	2018-08-27	2018	2	15	JB57N
3.4647732962447844	3.2399999999999998	2018-08-27	2018	2	30	JB57N
3.4845507649513214	2.94	2018-08-27	2018	2	45	JB57N
3.5043282336578585	2.64	2018-08-27	2018	3	0	JB57N
3.524105702364395	2.34	2018-08-27	2018	3	15	JB57N
3.543883171070932	2.04	2018-08-27	2018	3	30	JB57N
3.563660639777469	1.7400000000000002	2018-08-27	2018	3	45	JB57N
3.583438108484006	1.44	2018-08-27	2018	4	0	JB57N
3.6032155771905425	1.1400000000000001	2018-08-27	2018	4	15	JB57N
3.6229930458970796	0.8400000000000001	2018-08-27	2018	4	30	JB57N
3.6427705146036162	0.54	2018-08-27	2018	4	45	JB57N
3.534	0.0	2018-08-27	2018	5	0	JB57N
3.596	0.0	2018-08-27	2018	5	15	JB57N
3.346	0.0	2018-08-27	2018	5	30	JB57N
3.309	0.0	2018-08-27	2018	5	45	JB57N
3.032	0.0	2018-08-27	2018	6	0	JB57N
2.937	0.0	2018-08-27	2018	6	15	JB57N
2.7510000000000003	0.0	2018-08-27	2018	6	30	JB57N
3.265	0.0	2018-08-27	2018	6	45	JB57N
3.338	0.0	2018-08-27	2018	7	0	JB57N
3.133	0.0	2018-08-27	2018	7	15	JB57N
3.42	0.0	2018-08-27	2018	7	30	JB57N
3.238	0.0	2018-08-27	2018	7	45	JB57N
3.0860000000000003	0.0	2018-08-27	2018	8	0	JB57N
3.3626666666666667	0.42000000000000004	2018-08-27	2018	8	15	JB57N
3.4636666666666667	0.42000000000000004	2018-08-27	2018	8	30	JB57N
3.7750000000000004	0.42000000000000004	2018-08-27	2018	8	45	JB57N
3.8785	0.42000000000000004	2018-08-27	2018	9	0	JB57N
3.5505	0.42000000000000004	2018-08-27	2018	9	15	JB57N
4.019	0.42000000000000004	2018-08-27	2018	9	30	JB57N
4.4165	0.42000000000000004	2018-08-27	2018	9	45	JB57N
3.069	0.42000000000000004	2018-08-27	2018	10	0	JB57N
2.6685	0.42000000000000004	2018-08-27	2018	10	15	JB57N
2.2755	0.42000000000000004	2018-08-27	2018	10	30	JB57N
2.132	0.42000000000000004	2018-08-27	2018	10	45	JB57N
1.7455	0.42000000000000004	2018-08-27	2018	11	0	JB57N
1.9385000000000001	0.42000000000000004	2018-08-27	2018	11	15	JB57N
2.5375	0.42000000000000004	2018-08-27	2018	11	30	JB57N
2.1864999999999997	0.42000000000000004	2018-08-27	2018	11	45	JB57N
2.464	0.42000000000000004	2018-08-27	2018	12	0	JB57N
2.5193333333333334	0.42000000000000004	2018-08-27	2018	12	15	JB57N
2.702	0.0	2018-08-27	2018	12	30	JB57N
2.436	0.0	2018-08-27	2018	12	45	JB57N
2.332	0.0	2018-08-27	2018	13	0	JB57N
1.7519999999999998	0.0	2018-08-27	2018	13	15	JB57N
1.223	0.0	2018-08-27	2018	13	30	JB57N
2.645	0.0	2018-08-27	2018	13	45	JB57N
0.0	0.0	2018-08-27	2018	14	0	JB57N
0.0	0.0	2018-08-27	2018	14	15	JB57N
0.0	0.0	2018-08-27	2018	14	30	JB57N
0.92	0.0	2018-08-27	2018	14	45	JB57N
0.0	0.0	2018-08-27	2018	15	0	JB57N
0.0	0.0	2018-08-27	2018	15	15	JB57N
0.0	0.0	2018-08-27	2018	15	30	JB57N
0.0	0.0	2018-08-27	2018	15	45	JB57N
1.0490000000000002	0.0	2018-08-27	2018	16	0	JB57N
0.0	0.42000000000000004	2018-08-27	2018	16	15	JB57N
0.0	0.42000000000000004	2018-08-27	2018	16	30	JB57N
0.0	0.42000000000000004	2018-08-27	2018	16	45	JB57N
2.9121830188679243	0.54	2018-08-27	2018	17	0	JB57N
2.9190037735849055	0.8400000000000001	2018-08-27	2018	17	15	JB57N
2.9258245283018867	1.1400000000000001	2018-08-27	2018	17	30	JB57N
2.932645283018868	1.44	2018-08-27	2018	17	45	JB57N
2.939466037735849	1.7400000000000002	2018-08-27	2018	18	0	JB57N
2.94628679245283	2.04	2018-08-27	2018	18	15	JB57N
2.953107547169811	2.34	2018-08-27	2018	18	30	JB57N
2.959928301886792	2.64	2018-08-27	2018	18	45	JB57N
2.9667490566037733	2.94	2018-08-27	2018	19	0	JB57N
2.9735698113207545	3.2399999999999998	2018-08-27	2018	19	15	JB57N
2.9803905660377357	3.54	2018-08-27	2018	19	30	JB57N
2.987211320754717	3.84	2018-08-27	2018	19	45	JB57N
2.994032075471698	4.140000000000001	2018-08-27	2018	20	0	JB57N
3.000852830188679	4.44	2018-08-27	2018	20	15	JB57N
3.0076735849056604	4.74	2018-08-27	2018	20	30	JB57N
3.0144943396226416	5.04	2018-08-27	2018	20	45	JB57N
3.0213150943396223	5.340000000000001	2018-08-27	2018	21	0	JB57N
3.0281358490566035	5.640000000000001	2018-08-27	2018	21	15	JB57N
3.0349566037735847	5.94	2018-08-27	2018	21	30	JB57N
3.041777358490566	6.24	2018-08-27	2018	21	45	JB57N
3.048598113207547	6.540000000000001	2018-08-27	2018	22	0	JB57N
3.055418867924528	6.840000000000001	2018-08-27	2018	22	15	JB57N
3.0622396226415094	7.140000000000001	2018-08-27	2018	22	30	JB57N
3.0690603773584906	7.44	2018-08-27	2018	22	45	JB57N
3.0758811320754718	7.74	2018-08-27	2018	23	0	JB57N
3.082701886792453	8.040000000000001	2018-08-27	2018	23	15	JB57N
3.0895226415094337	8.34	2018-08-27	2018	23	30	JB57N
3.096343396226415	8.64	2018-08-27	2018	23	45	JB57N
3.103164150943396	8.940000000000001	2018-08-28	2018	0	0	JB57N
3.109984905660377	9.24	2018-08-28	2018	0	15	JB57N
3.1168056603773584	9.540000000000001	2018-08-28	2018	0	30	JB57N
3.1236264150943396	9.84	2018-08-28	2018	0	45	JB57N
3.1304471698113208	10.14	2018-08-28	2018	1	0	JB57N
3.137267924528302	10.440000000000001	2018-08-28	2018	1	15	JB57N
3.144088679245283	10.74	2018-08-28	2018	1	30	JB57N
3.150909433962264	10.96	2018-08-28	2018	1	45	JB57N
3.157730188679245	10.66	2018-08-28	2018	2	0	JB57N
3.1645509433962262	10.360000000000001	2018-08-28	2018	2	15	JB57N
3.1713716981132074	10.06	2018-08-28	2018	2	30	JB57N
3.1781924528301886	9.76	2018-08-28	2018	2	45	JB57N
3.1850132075471698	9.46	2018-08-28	2018	3	0	JB57N
3.191833962264151	9.16	2018-08-28	2018	3	15	JB57N
3.198654716981132	8.860000000000001	2018-08-28	2018	3	30	JB57N
3.2054754716981133	8.56	2018-08-28	2018	3	45	JB57N
3.212296226415094	8.26	2018-08-28	2018	4	0	JB57N
3.2191169811320752	7.960000000000001	2018-08-28	2018	4	15	JB57N
3.2259377358490564	7.66	2018-08-28	2018	4	30	JB57N
3.2327584905660376	7.36	2018-08-28	2018	4	45	JB57N
3.2395792452830188	7.0600000000000005	2018-08-28	2018	5	0	JB57N
3.2464	6.760000000000001	2018-08-28	2018	5	15	JB57N
3.253220754716981	6.460000000000001	2018-08-28	2018	5	30	JB57N
3.2600415094339623	6.16	2018-08-28	2018	5	45	JB57N
3.2668622641509435	5.86	2018-08-28	2018	6	0	JB57N
3.2736830188679247	5.5600000000000005	2018-08-28	2018	6	15	JB57N
3.280503773584906	5.260000000000001	2018-08-28	2018	6	30	JB57N
3.2873245283018866	4.960000000000001	2018-08-28	2018	6	45	JB57N
3.2941452830188678	4.66	2018-08-28	2018	7	0	JB57N
3.300966037735849	4.36	2018-08-28	2018	7	15	JB57N
3.30778679245283	4.0600000000000005	2018-08-28	2018	7	30	JB57N
3.3146075471698113	3.76	2018-08-28	2018	7	45	JB57N
3.3214283018867925	3.46	2018-08-28	2018	8	0	JB57N
3.3282490566037737	3.16	2018-08-28	2018	8	15	JB57N
3.335069811320755	2.86	2018-08-28	2018	8	30	JB57N
3.341890566037736	2.56	2018-08-28	2018	8	45	JB57N
3.348711320754717	2.2600000000000002	2018-08-28	2018	9	0	JB57N
3.355532075471698	1.96	2018-08-28	2018	9	15	JB57N
3.362352830188679	1.6600000000000001	2018-08-28	2018	9	30	JB57N
3.3691735849056603	1.3599999999999999	2018-08-28	2018	9	45	JB57N
3.3759943396226415	1.06	2018-08-28	2018	10	0	JB57N
3.3828150943396227	0.76	2018-08-28	2018	10	15	JB57N
3.389635849056604	0.46	2018-08-28	2018	10	30	JB57N
3.3415	0.42000000000000004	2018-08-28	2018	10	45	JB57N
3.2655000000000003	0.42000000000000004	2018-08-28	2018	11	0	JB57N
3.2195	0.42000000000000004	2018-08-28	2018	11	15	JB57N
2.9459999999999997	0.42000000000000004	2018-08-28	2018	11	30	JB57N
2.7270000000000003	0.42000000000000004	2018-08-28	2018	11	45	JB57N
2.257	0.42000000000000004	2018-08-28	2018	12	0	JB57N
2.58	0.42000000000000004	2018-08-28	2018	12	15	JB57N
2.8526662777129523	0.64	2018-08-28	2018	12	30	JB57N
2.8697491248541422	0.9400000000000001	2018-08-28	2018	12	45	JB57N
2.8868319719953326	1.24	2018-08-28	2018	13	0	JB57N
2.9039148191365225	1.54	2018-08-28	2018	13	15	JB57N
2.920997666277713	1.8399999999999999	2018-08-28	2018	13	30	JB57N
2.938080513418903	2.14	2018-08-28	2018	13	45	JB57N
2.955163360560093	2.44	2018-08-28	2018	14	0	JB57N
2.9722462077012834	2.7399999999999998	2018-08-28	2018	14	15	JB57N
2.989329054842474	3.04	2018-08-28	2018	14	30	JB57N
3.0064119019836637	3.34	2018-08-28	2018	14	45	JB57N
3.023494749124854	3.64	2018-08-28	2018	15	0	JB57N
3.0405775962660444	3.94	2018-08-28	2018	15	15	JB57N
3.0576604434072343	4.24	2018-08-28	2018	15	30	JB57N
3.0747432905484247	4.54	2018-08-28	2018	15	45	JB57N
3.091826137689615	4.840000000000001	2018-08-28	2018	16	0	JB57N
3.108908984830805	5.140000000000001	2018-08-28	2018	16	15	JB57N
3.1259918319719953	5.44	2018-08-28	2018	16	30	JB57N
3.1430746791131856	5.74	2018-08-28	2018	16	45	JB57N
3.1601575262543755	6.04	2018-08-28	2018	17	0	JB57N
3.177240373395566	6.340000000000001	2018-08-28	2018	17	15	JB57N
3.194323220536756	6.640000000000001	2018-08-28	2018	17	30	JB57N
3.211406067677946	6.94	2018-08-28	2018	17	45	JB57N
3.2284889148191365	7.24	2018-08-28	2018	18	0	JB57N
3.245571761960327	7.540000000000001	2018-08-28	2018	18	15	JB57N
3.2626546091015167	7.840000000000001	2018-08-28	2018	18	30	JB57N
3.279737456242707	8.14	2018-08-28	2018	18	45	JB57N
3.2968203033838974	8.440000000000001	2018-08-28	2018	19	0	JB57N
3.3139031505250873	8.74	2018-08-28	2018	19	15	JB57N
3.3309859976662777	8.9	2018-08-28	2018	19	30	JB57N
3.348068844807468	8.6	2018-08-28	2018	19	45	JB57N
3.365151691948658	8.3	2018-08-28	2018	20	0	JB57N
3.3822345390898483	8.0	2018-08-28	2018	20	15	JB57N
3.399317386231038	7.7	2018-08-28	2018	20	30	JB57N
3.4164002333722285	7.4	2018-08-28	2018	20	45	JB57N
3.433483080513419	7.1000000000000005	2018-08-28	2018	21	0	JB57N
3.4505659276546092	6.800000000000001	2018-08-28	2018	21	15	JB57N
3.467648774795799	6.500000000000001	2018-08-28	2018	21	30	JB57N
3.4847316219369895	6.2	2018-08-28	2018	21	45	JB57N
3.5018144690781794	5.9	2018-08-28	2018	22	0	JB57N
3.5188973162193697	5.6000000000000005	2018-08-28	2018	22	15	JB57N
3.53598016336056	5.300000000000001	2018-08-28	2018	22	30	JB57N
3.5530630105017504	5.000000000000001	2018-08-28	2018	22	45	JB57N
3.5701458576429403	4.7	2018-08-28	2018	23	0	JB57N
3.5872287047841307	4.4	2018-08-28	2018	23	15	JB57N
3.6043115519253206	4.1000000000000005	2018-08-28	2018	23	30	JB57N
3.621394399066511	3.8	2018-08-28	2018	23	45	JB57N
3.6384772462077013	3.5	2018-08-29	2018	0	0	JB57N
3.6555600933488916	3.2	2018-08-29	2018	0	15	JB57N
3.6726429404900816	2.9	2018-08-29	2018	0	30	JB57N
3.689725787631272	2.6	2018-08-29	2018	0	45	JB57N
3.706808634772462	2.3000000000000003	2018-08-29	2018	1	0	JB57N
3.723891481913652	2.0	2018-08-29	2018	1	15	JB57N
3.7409743290548425	1.7000000000000002	2018-08-29	2018	1	30	JB57N
3.7580571761960324	1.4	2018-08-29	2018	1	45	JB57N
3.7751400233372228	1.1	2018-08-29	2018	2	0	JB57N
3.792222870478413	0.8	2018-08-29	2018	2	15	JB57N
3.809305717619603	0.5	2018-08-29	2018	2	30	JB57N
3.833	0.42000000000000004	2018-08-29	2018	2	45	JB57N
3.795	0.42000000000000004	2018-08-29	2018	3	0	JB57N
3.9	0.42000000000000004	2018-08-29	2018	3	15	JB57N
3.8245	0.42000000000000004	2018-08-29	2018	3	30	JB57N
4.052	0.42000000000000004	2018-08-29	2018	3	45	JB57N
4.109333333333333	0.42000000000000004	2018-08-29	2018	4	0	JB57N
4.074666666666666	0.42000000000000004	2018-08-29	2018	4	15	JB57N
4.046	0.0	2018-08-29	2018	4	30	JB57N
4.31	0.0	2018-08-29	2018	4	45	JB57N
3.733	0.0	2018-08-29	2018	5	0	JB57N
3.857	0.0	2018-08-29	2018	5	15	JB57N
3.957	0.0	2018-08-29	2018	5	30	JB57N
4.458	0.0	2018-08-29	2018	5	45	JB57N
4.164	0.0	2018-08-29	2018	6	0	JB57N
4.636	0.0	2018-08-29	2018	6	15	JB57N
4.5760000000000005	0.0	2018-08-29	2018	6	30	JB57N
4.03	0.0	2018-08-29	2018	6	45	JB57N
4.458	0.0	2018-08-29	2018	7	0	JB57N
3.852	0.0	2018-08-29	2018	7	15	JB57N
3.534	0.0	2018-08-29	2018	7	30	JB57N
3.596	0.0	2018-08-29	2018	7	45	JB57N
3.383	0.0	2018-08-29	2018	8	0	JB57N
3.4556666666666667	0.42000000000000004	2018-08-29	2018	8	15	JB57N
3.5123333333333333	0.42000000000000004	2018-08-29	2018	8	30	JB57N
3.168	0.42000000000000004	2018-08-29	2018	8	45	JB57N
3.0675	0.42000000000000004	2018-08-29	2018	9	0	JB57N
3.0695	0.42000000000000004	2018-08-29	2018	9	15	JB57N
2.9025000000000003	0.42000000000000004	2018-08-29	2018	9	30	JB57N
2.6155	0.42000000000000004	2018-08-29	2018	9	45	JB57N
2.6455	0.42000000000000004	2018-08-29	2018	10	0	JB57N
2.6384999999999996	0.42000000000000004	2018-08-29	2018	10	15	JB57N
2.307	0.42000000000000004	2018-08-29	2018	10	30	JB57N
1.7455	0.42000000000000004	2018-08-29	2018	10	45	JB57N
0.0	0.42000000000000004	2018-08-29	2018	11	0	JB57N
0.6165	0.42000000000000004	2018-08-29	2018	11	15	JB57N
0.0	0.42000000000000004	2018-08-29	2018	11	30	JB57N
0.0	0.42000000000000004	2018-08-29	2018	11	45	JB57N
0.361	0.42000000000000004	2018-08-29	2018	12	0	JB57N
2.3240000000000003	0.42000000000000004	2018-08-29	2018	12	15	JB57N
2.934	0.0	2018-08-29	2018	12	30	JB57N
3.238	0.0	2018-08-29	2018	12	45	JB57N
3.905	0.0	2018-08-29	2018	13	0	JB57N
2.809	0.0	2018-08-29	2018	13	15	JB57N
2.93	0.0	2018-08-29	2018	13	30	JB57N
3.4530000000000003	0.0	2018-08-29	2018	13	45	JB57N
3.133	0.0	2018-08-29	2018	14	0	JB57N
3.801	0.0	2018-08-29	2018	14	15	JB57N
5.829	0.0	2018-08-29	2018	14	30	JB57N
3.649	0.0	2018-08-29	2018	14	45	JB57N
3.733	0.0	2018-08-29	2018	15	0	JB57N
3.215	0.0	2018-08-29	2018	15	15	JB57N
3.373	0.0	2018-08-29	2018	15	30	JB57N
3.199	0.0	2018-08-29	2018	15	45	JB57N
2.748	0.0	2018-08-29	2018	16	0	JB57N
1.8556666666666668	0.42000000000000004	2018-08-29	2018	16	15	JB57N
2.436666666666667	0.42000000000000004	2018-08-29	2018	16	30	JB57N
2.067	0.42000000000000004	2018-08-29	2018	16	45	JB57N
