sonde	year	date	h	m	foF2	foF2_running_avg	foF2_n_days
LY164	2004	2004-11-25	11	30	7.287000000000001		
LY164	2004	2004-11-25	12	30	6.8370000000000015		
LY164	2004	2004-11-25	13	30	6.867000000000001		
LY164	2004	2004-11-25	14	30	0.0		
LY164	2004	2004-11-25	15	30	0.0		
LY164	2004	2004-11-25	16	30	2.638		
LY164	2004	2004-11-25	17	30	2.535		
LY164	2004	2004-11-25	18	30	3.024		
LY164	2004	2004-11-25	19	30	-3.743		
LY164	2004	2004-11-25	20	30	2.545		
LY164	2004	2004-11-25	21	30	4.089		
LY164	2004	2004-11-25	22	30	3.131		
LY164	2004	2004-11-26	0	30	3.131		
LY164	2004	2004-11-26	1	30	3.006		
LY164	2004	2004-11-26	2	30	0.0		
LY164	2004	2004-11-26	3	30	2.434		
LY164	2004	2004-11-26	4	30	2.099		
LY164	2004	2004-11-26	6	30	3.004		
LY164	2004	2004-11-26	7	30	4.645		
LY164	2004	2004-11-26	8	30	5.709		
LY164	2004	2004-11-26	9	30	6.422999999999999		
LY164	2004	2004-11-26	10	30	6.027		
LY164	2004	2004-11-26	12	30	6.062	6.8370000000000015	1.0
LY164	2004	2004-11-26	13	30	5.155	6.867000000000001	1.0
LY164	2004	2004-11-26	14	30	4.226	0.0	1.0
LY164	2004	2004-11-26	15	30	3.3080000000000003	0.0	1.0
LY164	2004	2004-11-26	16	30	2.0580000000000003	2.638	1.0
LY164	2004	2004-11-26	19	30	3.04	-3.743	1.0
LY164	2004	2004-11-26	20	30	2.929	2.545	1.0
LY164	2004	2004-11-26	21	30	5.749	4.089	1.0
LY164	2004	2004-11-26	22	30	3.38	3.131	1.0
LY164	2004	2004-11-26	23	30	3.447		
LY164	2004	2004-11-27	0	30	2.732	3.131	1.0
LY164	2004	2004-11-27	1	30	2.909	3.006	1.0
LY164	2004	2004-11-27	2	30	2.32	0.0	1.0
LY164	2004	2004-11-27	3	30	2.3280000000000003	2.434	1.0
LY164	2004	2004-11-27	4	30	0.0	2.099	1.0
LY164	2004	2004-11-27	6	30	0.0	3.004	1.0
LY164	2004	2004-11-27	7	30	3.935	4.645	1.0
LY164	2004	2004-11-27	8	30	5.296	5.709	1.0
LY164	2004	2004-11-27	9	30	5.8320000000000025	6.422999999999999	1.0
LY164	2004	2004-11-27	10	30	6.448	6.027	1.0
LY164	2004	2004-11-27	11	30	6.3	7.287000000000001	1.0
LY164	2004	2004-11-27	12	30	5.877999999999999	6.4495000000000005	2.0
LY164	2004	2004-11-27	13	30	4.979	6.011000000000001	2.0
LY164	2004	2004-11-27	14	30	4.907	2.113	2.0
LY164	2004	2004-11-27	15	30	2.594	1.6540000000000001	2.0
LY164	2004	2004-11-27	17	30	3.782	2.535	1.0
LY164	2004	2004-11-27	18	30	3.474	3.024	1.0
LY164	2004	2004-11-27	19	30	6.279	-0.3514999999999999	2.0
LY164	2004	2004-11-27	20	30	0.0	2.737	2.0
LY164	2004	2004-11-27	21	30	0.0	4.9190000000000005	2.0
LY164	2004	2004-11-27	22	30	3.41	3.2554999999999996	2.0
LY164	2004	2004-11-27	23	30	0.0	3.447	1.0
LY164	2004	2004-11-28	0	30	0.0	2.9314999999999998	2.0
LY164	2004	2004-11-28	1	30	0.0	2.9574999999999996	2.0
LY164	2004	2004-11-28	2	30	3.006	1.16	2.0
LY164	2004	2004-11-28	3	30	2.516	2.3810000000000002	2.0
LY164	2004	2004-11-28	4	30	2.311	1.0495	2.0
LY164	2004	2004-11-28	5	30	2.083		
LY164	2004	2004-11-28	6	30	2.374	1.502	2.0
LY164	2004	2004-11-28	7	30	3.629	4.29	2.0
LY164	2004	2004-11-28	8	30	5.0760000000000005	5.5024999999999995	2.0
LY164	2004	2004-11-28	9	30	5.169	6.127500000000001	2.0
LY164	2004	2004-11-28	10	30	5.855	6.237500000000001	2.0
LY164	2004	2004-11-28	11	30	5.7429999999999986	6.7935	2.0
LY164	2004	2004-11-28	12	30	5.655	6.259	3.0
LY164	2004	2004-11-28	13	30	4.735	5.667000000000001	3.0
LY164	2004	2004-11-28	14	30	3.921	3.044333333333333	3.0
LY164	2004	2004-11-28	15	30	2.448	1.9673333333333334	3.0
LY164	2004	2004-11-28	17	30	0.0	3.1585	2.0
LY164	2004	2004-11-28	18	30	3.143	3.249	2.0
LY164	2004	2004-11-28	19	30	0.0	1.858666666666667	3.0
LY164	2004	2004-11-28	20	30	3.448	1.8246666666666667	3.0
LY164	2004	2004-11-28	21	30	3.741	3.2793333333333337	3.0
LY164	2004	2004-11-28	22	30	3.4610000000000003	3.307	3.0
LY164	2004	2004-11-28	23	30	0.0	1.7235	2.0
LY164	2004	2004-11-29	0	30	4.073	1.9543333333333333	3.0
LY164	2004	2004-11-29	1	30	4.058	1.9716666666666665	3.0
LY164	2004	2004-11-29	2	30	3.5380000000000003	1.7753333333333332	3.0
LY164	2004	2004-11-29	3	30	3.927	2.426	3.0
LY164	2004	2004-11-29	4	30	3.699	1.47	3.0
LY164	2004	2004-11-29	5	30	2.516	2.083	1.0
LY164	2004	2004-11-29	6	30	2.337	1.7926666666666666	3.0
LY164	2004	2004-11-29	7	30	3.814	4.0696666666666665	3.0
LY164	2004	2004-11-29	8	30	5.056	5.360333333333333	3.0
LY164	2004	2004-11-29	9	30	5.606	5.808000000000001	3.0
LY164	2004	2004-11-29	10	30	5.944	6.11	3.0
LY164	2004	2004-11-29	11	30	6.2920000000000025	6.4433333333333325	3.0
LY164	2004	2004-11-29	12	30	5.855	6.1080000000000005	4.0
LY164	2004	2004-11-29	13	30	5.9	5.434	4.0
LY164	2004	2004-11-29	14	30	5.21	3.2634999999999996	4.0
LY164	2004	2004-11-29	15	30	3.734	2.0875	4.0
LY164	2004	2004-11-29	16	30	2.727	2.348	2.0
LY164	2004	2004-11-29	17	30	3.486	2.1056666666666666	3.0
LY164	2004	2004-11-29	18	30	3.486	3.2136666666666667	3.0
LY164	2004	2004-11-29	19	30	3.41	1.3940000000000001	4.0
LY164	2004	2004-11-30	7	30	3.705	4.00575	4.0
LY164	2004	2004-11-30	8	30	5.2860000000000005	5.28425	4.0
LY164	2004	2004-11-30	9	30	5.9	5.7575	4.0
LY164	2004	2004-11-30	10	30	5.9460000000000015	6.0685	4.0
LY164	2004	2004-11-30	11	30	6.727	6.4055	4.0
LY164	2004	2004-11-30	12	30	6.8320000000000025	6.0574	5.0
LY164	2004	2004-11-30	13	30	6.276	5.527200000000001	5.0
LY164	2004	2004-11-30	14	30	5.504	3.6528	5.0
LY164	2004	2004-11-30	15	30	3.742	2.4168	5.0
LY164	2004	2004-11-30	16	30	2.77	2.4743333333333335	3.0
LY164	2004	2004-11-30	18	30	3.488	3.28175	4.0
LY164	2004	2004-11-30	19	30	3.4610000000000003	1.7972000000000001	5.0
LY164	2004	2004-11-30	20	30	3.214	2.2305	4.0
LY164	2004	2004-11-30	21	30	2.984	3.39475	4.0
LY164	2004	2004-11-30	22	30	3.754	3.3455	4.0
LY164	2004	2004-11-30	23	30	4.223	1.149	3.0
LY164	2004	2004-12-01	0	30	4.1960000000000015	2.484	4.0
LY164	2004	2004-12-01	1	30	4.452	2.4932499999999997	4.0
LY164	2004	2004-12-01	2	30	4.061	2.216	4.0
LY164	2004	2004-12-01	3	30	3.102	2.80125	4.0
LY164	2004	2004-12-01	4	30	3.074	2.02725	4.0
LY164	2004	2004-12-01	5	30	2.372	2.2995	2.0
LY164	2004	2004-12-01	6	30	2.525	1.92875	4.0
LY164	2004	2004-12-01	7	30	3.713	3.9456	5.0
LY164	2004	2004-12-01	8	30	5.59	5.2846	5.0
LY164	2004	2004-12-01	9	30	6.624	5.786	5.0
LY164	2004	2004-12-01	10	30	6.377000000000002	6.0440000000000005	5.0
LY164	2004	2004-12-01	11	30	6.78	6.469800000000001	5.0
LY164	2004	2004-12-01	12	30	6.228	6.186500000000001	6.0
LY164	2004	2004-12-01	13	30	6.228	5.652000000000001	6.0
LY164	2004	2004-12-01	14	30	5.296	3.9613333333333336	6.0
LY164	2004	2004-12-01	15	30	3.685	2.6376666666666666	6.0
LY164	2004	2004-12-01	16	30	3.134	2.54825	4.0
LY164	2004	2004-12-01	17	30	2.186	2.45075	4.0
LY164	2004	2004-12-01	18	30	0.0	3.3230000000000004	5.0
LY164	2004	2004-12-01	19	30	0.0	2.0745	6.0
LY164	2004	2004-12-01	20	30	0.0	2.4272	5.0
LY164	2004	2004-12-01	21	30	2.984	3.3126000000000007	5.0
LY164	2004	2004-12-01	22	30	3.31	3.4272	5.0
LY164	2004	2004-12-01	23	30	3.237	1.9175	4.0
LY164	2004	2004-12-02	0	30	3.051	2.8264000000000005	5.0
LY164	2004	2004-12-02	1	30	2.984	2.885	5.0
LY164	2004	2004-12-02	2	30	2.535	2.585	5.0
LY164	2004	2004-12-02	3	30	2.516	2.8614	5.0
LY164	2004	2004-12-02	4	30	2.138	2.2366	5.0
LY164	2004	2004-12-02	5	30	0.0	2.3236666666666665	3.0
LY164	2004	2004-12-02	6	30	0.0	2.048	5.0
LY164	2004	2004-12-02	7	30	3.438	3.9068333333333336	6.0
LY164	2004	2004-12-02	8	30	5.017	5.335500000000001	6.0
LY164	2004	2004-12-02	9	30	5.765	5.925666666666667	6.0
LY164	2004	2004-12-02	10	30	6.573	6.0995	6.0
LY164	2004	2004-12-02	11	30	6.7410000000000005	6.5215000000000005	6.0
LY164	2004	2004-12-02	12	30	6.001	6.1924285714285725	7.0
LY164	2004	2004-12-02	13	30	5.402	5.734285714285716	7.0
LY164	2004	2004-12-02	14	30	3.526	4.152	7.0
LY164	2004	2004-12-02	15	30	3.357	2.7872857142857144	7.0
LY164	2004	2004-12-02	16	30	2.7910000000000004	2.6654	5.0
LY164	2004	2004-12-02	17	30	2.425	2.3978	5.0
LY164	2004	2004-12-02	19	30	0.0	1.7781428571428572	7.0
LY164	2004	2004-12-02	22	30	0.0	3.407666666666666	6.0
LY164	2004	2004-12-02	23	30	0.0	2.1814	5.0
LY164	2004	2004-12-03	0	30	0.0	2.8638333333333335	6.0
LY164	2004	2004-12-03	1	30	0.0	2.9015	6.0
LY164	2004	2004-12-03	2	30	0.0	2.5766666666666667	6.0
LY164	2004	2004-12-03	3	30	0.0	2.8038333333333334	6.0
LY164	2004	2004-12-03	4	30	0.0	2.2201666666666666	6.0
LY164	2004	2004-12-03	5	30	0.0	1.74275	4.0
LY164	2004	2004-12-03	6	30	2.115	1.7066666666666668	6.0
LY164	2004	2004-12-03	7	30	3.491	3.839857142857143	7.0
LY164	2004	2004-12-03	8	30	5.175	5.290000000000001	7.0
LY164	2004	2004-12-03	9	30	5.851	5.9027142857142865	7.0
LY164	2004	2004-12-03	10	30	6.374	6.167142857142857	7.0
LY164	2004	2004-12-03	11	30	6.0379999999999985	6.552857142857143	7.0
LY164	2004	2004-12-03	12	30	5.5470000000000015	6.168500000000001	8.0
LY164	2004	2004-12-03	13	30	5.6770000000000005	5.692750000000001	8.0
LY164	2004	2004-12-03	14	30	0.0	4.07375	8.0
LY164	2004	2004-12-03	15	30	0.0	2.8585	8.0
LY164	2004	2004-12-07	11	30	5.9460000000000015	6.4885	8.0
LY164	2004	2004-12-07	12	30	0.0	6.099444444444446	9.0
LY164	2004	2004-12-07	13	30	5.175	5.691000000000001	9.0
LY164	2004	2004-12-07	14	30	0.0	3.6211111111111114	9.0
LY164	2004	2004-12-07	16	30	0.0	2.6863333333333337	6.0
LY164	2004	2004-12-07	18	30	0.0	2.769166666666667	6.0
LY164	2004	2004-12-07	19	30	0.0	1.5558750000000001	8.0
LY164	2004	2004-12-07	20	30	0.0	2.022666666666667	6.0
LY164	2004	2004-12-07	21	30	0.0	3.257833333333334	6.0
LY164	2004	2004-12-07	22	30	3.12	2.9208571428571424	7.0
LY164	2004	2004-12-07	23	30	0.0	1.8178333333333334	6.0
LY164	2004	2004-12-08	0	30	0.0	2.4547142857142856	7.0
LY164	2004	2004-12-08	1	30	0.0	2.4869999999999997	7.0
LY164	2004	2004-12-08	2	30	0.0	2.2085714285714286	7.0
LY164	2004	2004-12-08	3	30	0.0	2.4032857142857145	7.0
LY164	2004	2004-12-08	4	30	2.651	1.903	7.0
LY164	2004	2004-12-08	5	30	2.352	1.3942	5.0
LY164	2004	2004-12-08	6	30	2.318	1.7650000000000001	7.0
LY164	2004	2004-12-08	7	30	0.0	3.79625	8.0
LY164	2004	2004-12-08	8	30	3.776	5.275625000000001	8.0
LY164	2004	2004-12-08	9	30	4.401	5.89625	8.0
LY164	2004	2004-12-08	10	30	4.828	6.1930000000000005	8.0
LY164	2004	2004-12-08	11	30	5.135	6.428222222222222	9.0
LY164	2004	2004-12-08	12	30	0.0	5.489500000000001	10.0
LY164	2004	2004-12-08	13	30	3.922	5.6394	10.0
LY164	2004	2004-12-08	14	30	0.0	3.2590000000000003	10.0
LY164	2004	2004-12-08	16	30	0.0	2.302571428571429	7.0
LY164	2004	2004-12-08	17	30	0.0	2.4023333333333334	6.0
LY164	2004	2004-12-08	19	30	0.0	1.383	9.0
LY164	2004	2004-12-08	21	30	3.686	2.792428571428572	7.0
LY164	2004	2004-12-08	22	30	2.71	2.94575	8.0
LY164	2004	2004-12-08	23	30	0.0	1.558142857142857	7.0
LY164	2004	2004-12-09	0	30	2.278	2.147875	8.0
LY164	2004	2004-12-09	1	30	0.0	2.176125	8.0
LY164	2004	2004-12-09	2	30	2.535	1.9325	8.0
LY164	2004	2004-12-09	3	30	0.0	2.102875	8.0
LY164	2004	2004-12-09	4	30	0.0	1.9965	8.0
LY164	2004	2004-12-09	6	30	0.0	1.834125	8.0
LY164	2004	2004-12-09	7	30	0.0	3.3744444444444444	9.0
LY164	2004	2004-12-09	8	30	4.367	5.109000000000001	9.0
LY164	2004	2004-12-09	9	30	5.056	5.7301111111111105	9.0
LY164	2004	2004-12-09	10	30	5.337999999999999	6.041333333333334	9.0
LY164	2004	2004-12-09	11	30	5.765	6.2989	10.0
LY164	2004	2004-12-09	12	30	5.749	4.990454545454546	11.0
LY164	2004	2004-12-09	13	30	4.401	5.483272727272728	11.0
LY164	2004	2004-12-09	14	30	3.685	2.962727272727273	11.0
LY164	2004	2004-12-09	15	30	2.957	2.5408888888888885	9.0
LY164	2004	2004-12-09	16	30	0.0	2.0147500000000003	8.0
LY164	2004	2004-12-09	18	30	0.0	2.3735714285714287	7.0
LY164	2004	2004-12-09	19	30	0.0	1.2447000000000001	10.0
LY164	2004	2004-12-09	20	30	0.0	1.7337142857142858	7.0
LY164	2004	2004-12-09	21	30	2.303	2.9041250000000005	8.0
LY164	2004	2004-12-09	22	30	2.995	2.9195555555555557	9.0
LY164	2004	2004-12-09	23	30	0.0	1.363375	8.0
LY164	2004	2004-12-10	0	30	3.074	2.162333333333333	9.0
LY164	2004	2004-12-10	1	30	2.612	1.9343333333333332	9.0
LY164	2004	2004-12-10	2	30	0.0	1.9994444444444446	9.0
LY164	2004	2004-12-10	3	30	2.303	1.8692222222222223	9.0
LY164	2004	2004-12-10	4	30	0.0	1.7746666666666666	9.0
LY164	2004	2004-12-10	6	30	0.0	1.6303333333333334	9.0
LY164	2004	2004-12-10	7	30	0.0	3.037	10.0
LY164	2004	2004-12-10	8	30	0.0	5.034800000000001	10.0
LY164	2004	2004-12-10	9	30	5.175	5.662699999999999	10.0
LY164	2004	2004-12-10	10	30	5.485	5.971000000000001	10.0
LY164	2004	2004-12-10	11	30	5.943	6.250363636363636	11.0
LY164	2004	2004-12-10	12	30	6.028	5.053666666666667	12.0
LY164	2004	2004-12-10	13	30	5.029	5.393083333333333	12.0
LY164	2004	2004-12-10	14	30	0.0	3.022916666666667	12.0
LY164	2004	2004-12-10	15	30	0.0	2.5825	10.0
LY164	2004	2004-12-10	16	30	0.0	1.7908888888888892	9.0
LY164	2004	2004-12-10	17	30	0.0	2.059142857142857	7.0
LY164	2004	2004-12-10	18	30	2.88	2.0768750000000002	8.0
LY164	2004	2004-12-10	19	30	2.73	1.1315454545454546	11.0
LY164	2004	2004-12-10	20	30	0.0	1.5170000000000001	8.0
LY164	2004	2004-12-10	21	30	3.12	2.837333333333334	9.0
LY164	2004	2004-12-10	22	30	0.0	2.9271000000000003	10.0
LY164	2004	2004-12-11	0	30	0.0	2.2535	10.0
LY164	2004	2004-12-11	2	30	0.0	1.7995	10.0
LY164	2004	2004-12-11	3	30	0.0	1.9126	10.0
LY164	2004	2004-12-11	4	30	0.0	1.5972	10.0
LY164	2004	2004-12-11	5	30	0.0	1.5538333333333334	6.0
LY164	2004	2004-12-11	6	30	0.0	1.4673	10.0
LY164	2004	2004-12-11	7	30	0.0	2.760909090909091	11.0
LY164	2004	2004-12-11	8	30	3.707	4.577090909090909	11.0
LY164	2004	2004-12-11	9	30	4.645	5.618363636363636	11.0
LY164	2004	2004-12-11	11	30	5.1960000000000015	6.224749999999999	12.0
LY164	2004	2004-12-11	12	30	5.102	5.128615384615386	13.0
LY164	2004	2004-12-11	13	30	4.539	5.365076923076923	13.0
LY164	2004	2004-12-11	14	30	2.306	2.7903846153846157	13.0
LY164	2004	2004-12-11	15	30	0.0	2.3477272727272727	11.0
LY164	2004	2004-12-11	16	30	0.0	1.6118000000000001	10.0
LY164	2004	2004-12-11	17	30	0.0	1.8017500000000002	8.0
LY164	2004	2004-12-11	18	30	0.0	2.1661111111111113	9.0
LY164	2004	2004-12-11	19	30	0.0	1.26475	12.0
LY164	2004	2004-12-11	20	30	0.0	1.3484444444444446	9.0
LY164	2004	2004-12-11	21	30	0.0	2.8656000000000006	10.0
LY164	2004	2004-12-11	22	30	0.0	2.661	11.0
LY164	2004	2004-12-11	23	30	0.0	1.2118888888888888	9.0
LY164	2004	2004-12-12	0	30	3.074	2.0486363636363634	11.0
LY164	2004	2004-12-12	1	30	3.274	2.0021	10.0
LY164	2004	2004-12-12	2	30	0.0	1.635909090909091	11.0
LY164	2004	2004-12-12	3	30	0.0	1.738727272727273	11.0
LY164	2004	2004-12-12	5	30	0.0	1.3318571428571429	7.0
LY164	2004	2004-12-12	6	30	0.0	1.333909090909091	11.0
LY164	2004	2004-12-12	7	30	0.0	2.5308333333333333	12.0
LY164	2004	2004-12-12	11	30	4.796	6.145615384615383	13.0
LY164	2004	2004-12-12	12	30	4.735	5.126714285714287	14.0
LY164	2004	2004-12-12	15	30	0.0	2.152083333333333	12.0
LY164	2004	2004-12-12	16	30	4.539	1.4652727272727275	11.0
LY164	2004	2004-12-12	17	30	0.0	1.6015555555555556	9.0
LY164	2004	2004-12-12	18	30	0.0	1.9495	10.0
LY164	2004	2004-12-12	19	30	4.165	1.1674615384615386	13.0
LY164	2004	2004-12-12	20	30	4.043	1.2136	10.0
LY164	2004	2004-12-12	21	30	0.0	2.60509090909091	11.0
LY164	2004	2004-12-12	22	30	0.0	2.43925	12.0
LY164	2004	2004-12-12	23	30	0.0	1.0907	10.0
LY164	2004	2004-12-13	0	30	0.0	2.134083333333333	12.0
LY164	2004	2004-12-13	1	30	0.0	2.1177272727272727	11.0
LY164	2004	2004-12-13	2	30	0.0	1.4995833333333335	12.0
LY164	2004	2004-12-13	3	30	0.0	1.5938333333333334	12.0
LY164	2004	2004-12-13	4	30	0.0	1.452	11.0
LY164	2004	2004-12-13	5	30	0.0	1.165375	8.0
LY164	2004	2004-12-13	6	30	0.0	1.22275	12.0
LY164	2004	2004-12-13	8	30	0.0	4.504583333333334	12.0
LY164	2004	2004-12-13	9	30	0.0	5.537249999999999	12.0
LY164	2004	2004-12-13	10	30	3.74	5.926818181818183	11.0
LY164	2004	2004-12-13	11	30	0.0	6.049214285714285	14.0
LY164	2004	2004-12-13	12	30	0.0	5.100600000000001	15.0
LY164	2004	2004-12-13	13	30	0.0	5.306071428571428	14.0
LY164	2004	2004-12-13	14	30	0.0	2.7557857142857145	14.0
LY164	2004	2004-12-13	15	30	0.0	1.9865384615384616	13.0
LY164	2004	2004-12-13	16	30	0.0	1.721416666666667	12.0
LY164	2004	2004-12-13	18	30	0.0	1.7722727272727274	11.0
LY164	2004	2004-12-13	19	30	0.0	1.3815714285714287	14.0
LY164	2004	2004-12-13	21	30	0.0	2.3880000000000003	12.0
LY164	2004	2004-12-13	22	30	0.0	2.2516153846153846	13.0
LY164	2004	2004-12-13	23	30	0.0	0.9915454545454545	11.0
LY164	2004	2004-12-14	0	30	0.0	1.9699230769230764	13.0
LY164	2004	2004-12-14	3	30	0.0	1.4712307692307693	13.0
LY164	2004	2004-12-14	4	30	0.0	1.331	12.0
LY164	2004	2004-12-14	6	30	0.0	1.1286923076923077	13.0
LY164	2004	2004-12-14	8	30	4.227	4.158076923076924	13.0
LY164	2004	2004-12-14	9	30	0.0	5.111307692307691	13.0
LY164	2004	2004-12-14	10	30	6.115	5.744583333333334	12.0
LY164	2004	2004-12-14	12	30	5.699	4.644800000000001	15.0
LY164	2004	2004-12-14	13	30	4.859	4.952333333333333	15.0
LY164	2004	2004-12-14	14	30	4.851	2.5720666666666667	15.0
LY164	2004	2004-12-14	15	30	0.0	1.844642857142857	14.0
LY164	2004	2004-12-14	16	30	0.0	1.5890000000000002	13.0
LY164	2004	2004-12-14	17	30	0.0	1.4414000000000002	10.0
LY164	2004	2004-12-14	19	30	0.0	1.2894666666666668	15.0
LY164	2004	2004-12-14	20	30	0.0	1.470818181818182	11.0
LY164	2004	2004-12-14	21	30	0.0	2.204307692307693	13.0
LY164	2004	2004-12-14	22	30	2.9810000000000003	2.0907857142857145	14.0
LY164	2004	2004-12-14	23	30	0.0	0.9089166666666667	12.0
LY164	2004	2004-12-15	0	30	2.278	1.8292142857142852	14.0
LY164	2004	2004-12-15	1	30	3.327	1.9412500000000001	12.0
LY164	2004	2004-12-15	2	30	2.68	1.3842307692307694	13.0
LY164	2004	2004-12-15	3	30	0.0	1.3661428571428573	14.0
LY164	2004	2004-12-15	4	30	2.425	1.2286153846153847	13.0
LY164	2004	2004-12-15	6	30	0.0	1.0480714285714285	14.0
LY164	2005	2005-02-21	0	30	0.0	1.8591333333333329	15.0
LY164	2005	2005-02-21	1	30	3.12	2.047846153846154	13.0
LY164	2005	2005-02-21	2	30	3.12	1.4767857142857144	14.0
LY164	2005	2005-02-21	4	30	2.776	1.3140714285714286	14.0
LY164	2005	2005-02-21	5	30	2.918	1.0358888888888889	9.0
LY164	2005	2005-02-21	6	30	3.524	0.9782	15.0
LY164	2005	2005-02-21	7	30	4.181	2.336153846153846	13.0
LY164	2005	2005-02-21	8	30	4.643	4.163000000000001	14.0
LY164	2005	2005-02-21	9	30	4.9030000000000005	4.746214285714285	14.0
LY164	2005	2005-02-21	10	30	4.851	5.773076923076923	13.0
LY164	2005	2005-02-21	11	30	5.148	5.645933333333333	15.0
LY164	2005	2005-02-21	12	30	5.325	4.6206000000000005	15.0
LY164	2005	2005-02-21	13	30	5.193	4.818466666666666	15.0
LY164	2005	2005-02-21	14	30	5.056	2.8954666666666666	15.0
LY164	2005	2005-02-21	15	30	4.574	1.7216666666666667	15.0
LY164	2005	2005-02-21	16	30	4.79	1.4755000000000003	14.0
LY164	2005	2005-02-21	17	30	3.811	1.3103636363636364	11.0
LY164	2005	2005-02-21	18	30	2.979	1.6245833333333335	12.0
LY164	2005	2005-02-21	19	30	1.803	1.5390000000000001	15.0
LY164	2005	2005-02-21	21	30	0.0	2.046857142857143	14.0
LY164	2005	2005-02-21	22	30	0.0	2.1501333333333337	15.0
LY164	2005	2005-02-21	23	30	2.337	0.839	13.0
LY164	2005	2005-02-22	0	30	0.0	1.6503999999999996	15.0
LY164	2005	2005-02-22	5	30	2.535	1.2241	10.0
LY164	2005	2005-02-22	6	30	3.742	1.0128666666666666	15.0
LY164	2005	2005-02-22	7	30	5.176	2.4679285714285717	14.0
LY164	2005	2005-02-22	8	30	5.096	4.195000000000001	15.0
LY164	2005	2005-02-22	9	30	5.504	4.756666666666666	15.0
LY164	2005	2005-02-22	10	30	5.504	5.707214285714286	14.0
LY164	2005	2005-02-22	11	30	5.5470000000000015	5.503333333333332	15.0
LY164	2005	2005-02-22	12	30	5.6770000000000005	4.583733333333334	15.0
LY164	2005	2005-02-22	13	30	5.9	4.820999999999999	15.0
LY164	2005	2005-02-22	14	30	5.776	2.9508	15.0
LY164	2005	2005-02-22	15	30	5.2170000000000005	2.0266	15.0
LY164	2005	2005-02-22	16	30	4.548	1.6964666666666668	15.0
LY164	2005	2005-02-22	17	30	3.591	1.51875	12.0
LY164	2005	2005-02-22	18	30	2.303	1.7287692307692308	13.0
LY164	2005	2005-02-22	19	30	1.986	1.4565333333333335	15.0
LY164	2005	2005-02-22	20	30	0.0	1.3482500000000002	12.0
LY164	2005	2005-02-22	22	30	0.0	1.9414000000000002	15.0
LY164	2005	2005-02-22	23	30	2.797	0.946	14.0
LY164	2005	2005-02-23	0	30	2.089	1.4682666666666662	15.0
LY164	2005	2005-02-23	6	30	3.924	1.2623333333333333	15.0
LY164	2005	2005-02-23	7	30	5.038	2.6484666666666667	15.0
LY164	2005	2005-02-23	8	30	5.175	4.154133333333334	15.0
LY164	2005	2005-02-23	9	30	5.8320000000000025	4.6954	15.0
LY164	2005	2005-02-23	10	30	5.398	5.693666666666667	15.0
LY164	2005	2005-02-23	11	30	5.7570000000000014	5.453133333333332	15.0
LY164	2005	2005-02-23	12	30	6.051	4.585200000000001	15.0
LY164	2005	2005-02-23	13	30	6.081	4.8824	15.0
LY164	2005	2005-02-23	14	30	5.9	3.0087333333333333	15.0
LY164	2005	2005-02-23	15	30	5.84	2.1538666666666666	15.0
LY164	2005	2005-02-23	16	30	5.017	1.8238000000000005	15.0
LY164	2005	2005-02-23	18	30	4.354	1.7697857142857143	14.0
LY164	2005	2005-02-23	19	30	4.0360000000000005	1.1703333333333334	15.0
LY164	2005	2005-02-23	20	30	3.051	1.2445384615384616	13.0
LY164	2005	2005-02-23	21	30	2.5540000000000003	1.9104000000000003	15.0
LY164	2005	2005-02-23	22	30	2.32	1.7160666666666669	15.0
LY164	2005	2005-03-02	17	0	0.0		
LY164	2005	2005-03-02	18	50	4.848		
LY164	2005	2005-03-02	18	55	0.0		
LY164	2005	2005-03-02	19	5	0.0		
LY164	2005	2005-03-02	20	55	0.0		
LY164	2005	2005-03-02	22	55	0.0		
LY164	2005	2005-03-02	23	5	0.0		
LY164	2005	2005-03-02	23	55	0.0		
LY164	2005	2005-03-03	1	5	3.131		
LY164	2005	2005-03-03	1	55	0.0		
LY164	2005	2005-03-03	2	55	0.0		
LY164	2005	2005-03-03	3	5	0.0		
LY164	2005	2005-03-03	3	55	0.0		
LY164	2005	2005-03-03	4	55	2.627		
LY164	2005	2005-03-03	5	5	2.337		
LY164	2005	2005-03-03	6	5	4.163		
LY164	2005	2005-03-03	6	55	5.296		
LY164	2005	2005-03-03	7	5	5.276		
LY164	2005	2005-03-03	7	55	5.5779999999999985		
LY164	2005	2005-03-03	8	5	6.0379999999999985		
LY164	2005	2005-03-03	8	55	6.0379999999999985		
LY164	2005	2005-03-03	9	5	6.5820000000000025		
LY164	2005	2005-03-03	9	15	6.1560000000000015		
LY164	2005	2005-03-03	18	30	3.214	1.9420666666666666	15.0
LY164	2005	2005-03-03	19	30	2.389	1.4394000000000002	15.0
LY164	2005	2005-03-03	20	30	2.138	1.3735714285714289	14.0
LY164	2005	2005-03-03	21	30	2.03	1.8080666666666674	15.0
LY164	2005	2005-03-03	23	30	0.0	1.0694000000000001	15.0
LY164	2005	2005-03-04	1	30	0.0	2.1244285714285716	14.0
LY164	2005	2005-03-04	2	30	0.0	1.5863333333333334	15.0
LY164	2005	2005-03-04	3	30	0.0	1.2750666666666668	15.0
LY164	2005	2005-03-04	4	30	0.0	1.4115333333333333	15.0
LY164	2005	2005-03-04	5	30	3.143	1.3432727272727272	11.0
LY164	2005	2005-03-04	6	30	4.29	1.3656666666666666	15.0
LY164	2005	2005-03-04	12	30	5.568	4.598266666666668	15.0
LY164	2005	2005-03-04	15	30	5.135	2.3702666666666663	15.0
LY164	2005	2005-03-04	18	30	3.525	1.9547333333333332	15.0
LY164	2005	2005-03-04	19	30	3.634	1.3713333333333335	15.0
LY164	2005	2005-03-04	20	30	2.977	1.4245333333333334	15.0
LY164	2005	2005-03-04	21	30	2.286	1.560133333333334	15.0
LY164	2005	2005-03-04	22	30	2.3280000000000003	1.6434000000000002	15.0
LY164	2005	2005-03-04	23	30	1.935	0.8396000000000001	15.0
LY164	2005	2005-03-05	1	30	0.0	1.9828000000000001	15.0
LY164	2005	2005-03-05	5	30	3.225	1.49325	12.0
LY164	2005	2005-03-05	6	30	4.772	1.4958666666666667	15.0
LY164	2005	2005-03-05	7	30	6.345	2.674666666666667	15.0
LY164	2005	2005-03-05	8	30	6.349	4.146066666666667	15.0
LY164	2005	2005-03-05	9	30	6.938	4.6954	15.0
LY164	2005	2005-03-05	13	30	6.7010000000000005	4.972133333333333	15.0
LY164	2005	2005-03-05	14	30	5.9689999999999985	3.1406666666666667	15.0
LY164	2005	2005-03-05	15	30	5.765	2.5493999999999994	15.0
LY164	2005	2005-03-05	16	30	5.107	2.0210666666666675	15.0
LY164	2005	2005-03-05	17	30	4.089	1.6781538461538463	13.0
LY164	2005	2005-03-05	18	30	3.474	1.958133333333333	15.0
LY164	2005	2005-03-05	19	30	0.0	1.382866666666667	15.0
LY164	2005	2005-03-05	20	30	0.0	1.4533333333333336	15.0
LY164	2005	2005-03-05	21	30	5.106	1.7125333333333341	15.0
LY164	2005	2005-03-05	22	30	0.0	1.5678666666666667	15.0
LY164	2005	2005-03-05	23	30	0.0	0.9686000000000001	15.0
LY164	2005	2005-03-06	0	30	0.0	1.6075333333333328	15.0
LY164	2005	2005-03-06	1	30	0.0	1.7824	15.0
LY164	2005	2005-03-06	4	30	3.28	1.2715999999999998	15.0
LY164	2005	2005-03-06	5	30	3.062	1.6264615384615386	13.0
LY164	2005	2005-03-06	6	30	3.771	1.6456666666666668	15.0
LY164	2005	2005-03-06	7	30	4.439	2.8353333333333333	15.0
LY164	2005	2005-03-06	8	30	4.077	4.230933333333334	15.0
LY164	2005	2005-03-06	9	30	5.504	4.8133333333333335	15.0
LY164	2005	2005-03-06	10	30	5.19	5.6517333333333335	15.0
LY164	2005	2005-03-06	11	30	5.672999999999999	5.454066666666666	15.0
LY164	2005	2005-03-06	12	30	4.8610000000000015	4.514	15.0
LY164	2005	2005-03-06	13	30	4.717	5.025533333333332	15.0
LY164	2005	2005-03-06	14	30	4.754	3.1912666666666665	15.0
LY164	2005	2005-03-06	15	30	0.0	2.6847999999999996	15.0
LY164	2005	2005-03-06	16	30	0.0	2.179733333333334	15.0
LY164	2005	2005-03-06	17	30	0.0	1.850357142857143	14.0
LY164	2005	2005-03-06	18	30	0.0	1.9801999999999997	15.0
LY164	2005	2005-03-06	19	30	3.775	1.382866666666667	15.0
LY164	2005	2005-03-06	20	30	0.0	1.258066666666667	15.0
LY164	2005	2005-03-06	21	30	0.0	1.803533333333334	15.0
LY164	2005	2005-03-06	22	30	0.0	1.3175999999999999	15.0
LY164	2005	2005-03-07	1	30	0.0	1.5884666666666667	15.0
LY164	2005	2005-03-07	2	30	0.0	1.5863333333333334	15.0
LY164	2005	2005-03-07	5	30	3.099	1.7290000000000003	14.0
LY164	2005	2005-03-07	8	30	4.267	4.1656666666666675	15.0
LY164	2005	2005-03-07	9	30	4.435	4.806533333333334	15.0
LY164	2005	2005-03-07	10	30	4.539	5.567866666666666	15.0
LY164	2005	2005-03-07	11	30	5.59	5.4128	15.0
LY164	2005	2005-03-07	13	30	5.215	4.921599999999999	15.0
LY164	2005	2005-03-07	17	30	0.0	1.727	15.0
LY164	2005	2005-03-07	18	30	3.074	1.7477999999999996	15.0
LY164	2005	2005-03-07	19	30	0.0	1.6345333333333334	15.0
LY164	2005	2005-03-07	20	30	2.886	1.258066666666667	15.0
LY164	2005	2005-03-07	21	30	3.031	1.6046000000000007	15.0
LY164	2005	2005-03-07	22	30	0.0	1.0969333333333333	15.0
LY164	2005	2005-03-07	23	30	0.0	0.9686000000000001	15.0
LY164	2005	2005-03-08	1	30	0.0	1.5884666666666667	15.0
LY164	2005	2005-03-11	9	30	5.056	4.708866666666667	15.0
LY164	2005	2005-03-11	10	30	5.464	5.480133333333333	15.0
LY164	2005	2005-03-11	11	30	5.59	5.337	15.0
LY164	2005	2005-03-11	12	30	5.441	4.422866666666668	15.0
LY164	2005	2005-03-11	13	30	5.483	4.854066666666666	15.0
LY164	2005	2005-03-11	14	30	5.276	3.1412666666666667	15.0
LY164	2005	2005-03-11	15	30	5.292999999999998	2.435333333333333	15.0
LY164	2005	2005-03-11	20	30	2.434	1.2206000000000004	15.0
LY164	2005	2005-03-11	21	30	0.0	1.6077333333333337	15.0
LY164	2005	2005-03-11	22	30	0.0	1.0969333333333333	15.0
LY164	2005	2005-03-12	0	30	2.363	1.3359999999999994	15.0
LY164	2005	2005-03-12	1	30	2.115	1.3179333333333334	15.0
LY164	2005	2005-03-12	2	30	2.337	1.4316666666666669	15.0
LY164	2005	2005-03-12	3	30	2.146	1.1128	15.0
LY164	2005	2005-03-12	4	30	2.7	1.4902666666666666	15.0
LY164	2005	2005-03-12	5	30	4.089	1.8203333333333336	15.0
LY164	2005	2005-03-12	6	30	5.526	1.897066666666667	15.0
LY164	2005	2005-03-12	7	30	6.051	2.8893333333333335	15.0
LY164	2005	2005-03-12	9	30	6.473	4.604333333333334	15.0
LY164	2005	2005-03-12	10	30	6.473	5.448133333333333	15.0
LY164	2005	2005-03-12	11	30	7.187	5.257666666666666	15.0
LY164	2005	2005-03-12	12	30	6.408	4.385533333333334	15.0
LY164	2005	2005-03-12	14	30	6.2079999999999975	3.139933333333333	15.0
LY164	2005	2005-03-12	15	30	5.855	2.5425333333333326	15.0
LY164	2005	2005-03-12	16	30	5.765	1.9950666666666674	15.0
LY164	2005	2005-03-12	17	30	5.6229999999999976	1.558	15.0
LY164	2005	2005-03-12	18	30	4.848	1.7201999999999997	15.0
LY164	2005	2005-03-12	19	30	3.811	1.6345333333333334	15.0
LY164	2005	2005-03-12	20	30	3.4610000000000003	1.1686000000000005	15.0
LY164	2005	2005-03-12	21	30	2.965	1.6077333333333337	15.0
LY164	2005	2005-03-12	22	30	2.398	0.8889333333333334	15.0
LY164	2005	2005-03-12	23	30	1.664	0.6870666666666667	15.0
LY164	2005	2005-03-13	0	30	4.395	1.2137999999999993	15.0
LY164	2005	2005-03-13	2	30	2.381	1.3870666666666667	15.0
LY164	2005	2005-03-13	3	30	2.381	1.1006666666666667	15.0
LY164	2005	2005-03-13	4	30	2.929	1.5162	15.0
LY164	2005	2005-03-13	5	30	4.317	1.954066666666667	15.0
LY164	2005	2005-03-13	6	30	5.945	2.1244666666666663	15.0
LY164	2005	2005-03-13	10	30	6.579	5.483266666666666	15.0
LY164	2005	2005-03-13	16	30	6.2929999999999975	2.1704666666666674	15.0
LY164	2005	2005-03-13	21	30	3.647	1.5596666666666672	15.0
LY164	2005	2005-03-13	23	30	4.672	0.5822	15.0
LY164	2005	2005-03-14	0	30	4.23	1.3033999999999992	15.0
LY164	2005	2005-03-14	1	30	4.149	1.1621333333333335	15.0
LY164	2005	2005-03-14	3	30	4.848	1.0916666666666666	15.0
LY164	2005	2005-03-14	4	30	4.452	1.4648666666666665	15.0
LY164	2005	2005-03-14	5	30	4.371	2.074133333333334	15.0
LY164	2005	2005-03-14	6	30	5.017	2.3662666666666667	15.0
LY164	2005	2005-03-14	8	30	5.7429999999999986	4.097733333333334	15.0
LY164	2005	2005-03-14	9	30	5.619	4.651533333333334	15.0
LY164	2005	2005-03-14	10	30	5.808	5.496733333333333	15.0
LY164	2005	2005-03-14	11	30	5.765	5.2874	15.0
LY164	2005	2005-03-14	12	30	5.752999999999999	4.442933333333334	15.0
LY164	2005	2005-03-14	13	30	5.3820000000000014	4.859466666666666	15.0
LY164	2005	2005-03-14	14	30	5.175	3.318733333333333	15.0
LY164	2005	2005-03-14	15	30	5.0680000000000005	2.7090666666666663	15.0
LY164	2005	2005-03-14	17	30	3.5780000000000003	1.6807333333333332	15.0
LY164	2005	2005-03-14	18	30	2.498	2.0433999999999997	15.0
LY164	2005	2005-03-14	19	30	3.699	1.8886	15.0
LY164	2005	2005-03-14	20	30	2.995	1.399333333333334	15.0
LY164	2005	2005-03-14	21	30	3.04	1.6492666666666669	15.0
LY164	2005	2005-03-14	22	30	2.984	0.8681333333333332	15.0
LY164	2005	2005-03-14	23	30	3.499	0.8936666666666667	15.0
LY164	2005	2005-03-15	0	30	3.474	1.5853999999999993	15.0
LY164	2005	2005-03-15	1	30	3.108	1.2398	15.0
LY164	2005	2005-03-15	2	30	3.051	1.3099333333333334	15.0
LY164	2005	2005-03-15	3	30	2.535	1.1530666666666667	15.0
LY164	2005	2005-03-15	4	30	2.962	1.5567333333333333	15.0
LY164	2005	2005-03-15	5	30	4.354	2.2074000000000007	15.0
LY164	2005	2005-03-15	6	30	5.867000000000001	2.7007333333333334	15.0
LY164	2005	2005-03-15	7	30	6.147	3.038466666666667	15.0
LY164	2005	2005-03-15	8	30	7.019	4.107933333333333	15.0
LY164	2005	2005-03-15	9	30	7.38	4.636066666666667	15.0
LY164	2005	2005-03-15	11	30	7.127999999999999	5.2692	15.0
LY164	2005	2005-03-15	12	30	6.938	4.826466666666668	15.0
LY164	2005	2005-03-15	13	30	6.8320000000000025	4.839799999999999	15.0
LY164	2005	2005-03-15	20	30	3.911	1.5990000000000006	15.0
LY164	2005	2005-03-15	21	30	3.144	1.6439333333333335	15.0
LY164	2005	2005-03-15	22	30	2.13	0.8674	15.0
LY164	2005	2005-03-15	23	30	3.618	1.1269333333333333	15.0
LY164	2005	2005-03-16	0	30	2.507	1.8169999999999993	15.0
LY164	2005	2005-03-16	1	30	2.3280000000000003	1.447	15.0
LY164	2005	2005-03-16	3	30	1.92	1.1152666666666666	15.0
LY164	2005	2005-03-16	4	30	3.347	1.6116666666666666	15.0
LY164	2005	2005-03-16	5	30	3.811	2.4976666666666674	15.0
LY164	2005	2005-03-16	6	30	4.727	3.0918666666666668	15.0
LY164	2005	2005-03-16	8	30	5.082	4.2414000000000005	15.0
LY164	2005	2005-03-16	9	30	5.699	4.834666666666667	15.0
LY164	2005	2005-03-16	21	30	3.552	1.8535333333333337	15.0
LY164	2005	2005-03-16	22	30	2.823	1.0093999999999999	15.0
LY164	2005	2005-03-16	23	30	3.969	1.3681333333333332	15.0
LY164	2005	2005-03-17	1	30	3.993	1.6022	15.0
LY164	2005	2005-03-17	2	30	3.237	1.2426000000000001	15.0
LY164	2005	2005-03-17	3	30	3.074	1.0755333333333335	15.0
LY164	2005	2005-03-17	4	30	3.713	1.8348	15.0
LY164	2005	2005-03-17	5	30	3.699	2.751733333333334	15.0
LY164	2005	2005-03-17	6	30	4.732	3.4070000000000005	15.0
LY164	2005	2005-03-17	7	30	5.195	3.201266666666667	15.0
LY164	2005	2005-03-17	8	30	5.377999999999999	4.235200000000001	15.0
LY164	2005	2005-03-17	9	30	5.175	4.877533333333334	15.0
LY164	2005	2005-03-17	10	30	5.358	5.445733333333332	15.0
LY164	2005	2005-03-17	11	30	5.207999999999998	5.348	15.0
LY164	2005	2005-03-17	14	30	5.922999999999999	3.6637333333333326	15.0
LY164	2005	2005-03-17	18	30	0.0	2.209933333333333	15.0
LY164	2005	2005-03-17	21	30	0.0	2.0903333333333336	15.0
LY164	2005	2005-03-17	22	30	3.04	1.1976	15.0
LY164	2005	2005-03-17	23	30	3.5780000000000003	1.6327333333333334	15.0
LY164	2005	2005-03-18	0	30	3.085	1.832266666666666	15.0
LY164	2005	2005-03-18	1	30	3.608	1.8684	15.0
LY164	2005	2005-03-18	3	30	2.337	1.2804666666666666	15.0
LY164	2005	2005-03-18	4	30	3.25	1.9056	15.0
LY164	2005	2005-03-18	6	30	4.418	3.722466666666667	15.0
LY164	2005	2005-03-18	7	30	4.645	3.300066666666667	15.0
LY164	2005	2005-03-18	8	30	4.966	4.3420000000000005	15.0
LY164	2005	2005-03-18	9	30	5.175	4.877533333333334	15.0
LY164	2005	2005-03-18	10	30	5.377999999999999	5.377999999999999	15.0
LY164	2005	2005-03-18	11	30	5.184	5.352866666666666	15.0
LY164	2005	2005-03-18	12	30	5.407	5.2890000000000015	15.0
LY164	2005	2005-03-18	13	30	5.063	4.950266666666667	15.0
LY164	2005	2005-03-18	14	30	5.0760000000000005	4.058599999999999	15.0
LY164	2005	2005-03-18	15	30	4.9860000000000015	3.046933333333333	15.0
LY164	2005	2005-03-18	16	30	4.952	2.403933333333334	15.0
LY164	2005	2005-03-18	17	30	3.811	1.9192666666666665	15.0
LY164	2005	2005-03-18	18	30	0.0	2.209933333333333	15.0
LY164	2005	2005-03-18	19	30	0.0	2.1351999999999998	15.0
LY164	2005	2005-03-18	20	30	0.0	1.8597333333333341	15.0
LY164	2005	2005-03-18	21	30	4.519	2.0903333333333336	15.0
LY164	2005	2005-03-18	22	30	4.519	1.4002666666666665	15.0
LY164	2005	2005-03-18	23	30	4.165	1.8712666666666666	15.0
LY164	2005	2005-03-19	1	30	3.94	1.9347999999999999	15.0
LY164	2005	2005-03-19	4	30	3.754	2.1222666666666665	15.0
LY164	2005	2005-03-19	5	30	3.94	2.841533333333334	15.0
LY164	2005	2005-03-19	6	30	4.809	4.017	15.0
LY164	2005	2005-03-19	7	30	5.721	3.380533333333333	15.0
LY164	2005	2005-03-19	8	30	5.7429999999999986	4.3819333333333335	15.0
LY164	2005	2005-03-19	9	30	6.019	4.912866666666668	15.0
LY164	2005	2005-03-19	10	30	6.4979999999999976	5.414666666666665	15.0
LY164	2005	2005-03-19	11	30	5.9	5.3141333333333325	15.0
LY164	2005	2005-03-19	12	30	6.062	5.266200000000001	15.0
LY164	2005	2005-03-19	13	30	5.992000000000001	5.026333333333334	15.0
LY164	2005	2005-03-19	14	30	6.599	4.396999999999999	15.0
LY164	2005	2005-03-19	15	30	5.8320000000000025	3.1822	15.0
LY164	2005	2005-03-19	16	30	5.8320000000000025	2.7340666666666675	15.0
LY164	2005	2005-03-19	17	30	5.749	1.940933333333333	15.0
LY164	2005	2005-03-19	18	30	4.742	2.017933333333333	15.0
LY164	2005	2005-03-19	19	30	4.0280000000000005	1.9531999999999998	15.0
LY164	2005	2005-03-19	20	30	3.202	1.8597333333333341	15.0
LY164	2005	2005-03-19	21	30	2.962	2.3916	15.0
LY164	2005	2005-03-19	22	30	2.3280000000000003	1.7015333333333331	15.0
LY164	2005	2005-03-19	23	30	2.286	2.1489333333333334	15.0
LY164	2005	2005-03-20	0	30	2.083	1.8329999999999993	15.0
LY164	2005	2005-03-20	3	30	1.928	1.4362666666666668	15.0
LY164	2005	2005-03-20	4	30	3.059	2.3725333333333336	15.0
LY164	2005	2005-03-20	5	30	4.419	3.1042000000000005	15.0
LY164	2005	2005-03-20	6	30	5.559	4.3376	15.0
LY164	2005	2005-03-20	7	30	6.28	3.5292000000000003	15.0
LY164	2005	2005-03-20	8	30	6.404	4.764799999999999	15.0
LY164	2005	2005-03-20	9	30	6.698	5.314133333333334	15.0
LY164	2005	2005-03-20	10	30	6.78	5.492	15.0
LY164	2005	2005-03-20	11	30	6.938	5.311266666666667	15.0
LY164	2005	2005-03-20	12	30	6.599	5.268466666666668	15.0
LY164	2005	2005-03-20	13	30	5.916	5.132400000000001	15.0
LY164	2005	2005-03-20	14	30	5.728	4.591266666666666	15.0
LY164	2005	2005-03-20	15	30	5.45	3.5709999999999997	15.0
LY164	2005	2005-03-20	16	30	5.6770000000000005	3.1228666666666673	15.0
LY164	2005	2005-03-20	17	30	4.812	2.178466666666666	15.0
LY164	2005	2005-03-20	18	30	3.911	2.3340666666666663	15.0
LY164	2005	2005-03-20	19	30	3.897	2.2217333333333333	15.0
LY164	2005	2005-03-20	20	30	3.202	2.073200000000001	15.0
LY164	2005	2005-03-20	21	30	2.962	2.589066666666667	15.0
LY164	2005	2005-03-20	22	30	2.099	1.6579999999999997	15.0
LY164	2005	2005-03-20	23	30	1.454	2.3013333333333335	15.0
LY164	2005	2005-03-21	0	30	0.0	1.971866666666666	15.0
LY164	2005	2005-03-21	1	30	0.0	1.9791999999999996	15.0
LY164	2005	2005-03-21	4	30	3.074	2.5764666666666667	15.0
LY164	2005	2005-03-21	5	30	3.962	3.3988000000000005	15.0
LY164	2005	2005-03-21	6	30	5.119	4.708200000000001	15.0
LY164	2005	2005-03-21	7	30	5.81	3.947866666666667	15.0
LY164	2005	2005-03-21	8	30	6.1179999999999986	4.944599999999999	15.0
LY164	2005	2005-03-21	9	30	6.459	5.760666666666668	15.0
LY164	2005	2005-03-21	10	30	6.607	5.578333333333333	15.0
LY164	2005	2005-03-21	11	30	6.7570000000000014	5.4274000000000004	15.0
LY164	2005	2005-03-21	12	30	6.9270000000000005	5.368266666666668	15.0
LY164	2005	2005-03-21	13	30	7.07	5.191533333333335	15.0
LY164	2005	2005-03-21	14	30	7.105	4.973133333333332	15.0
LY164	2005	2005-03-21	15	30	5.81	3.9343333333333335	15.0
LY164	2005	2005-03-21	16	30	5.699	3.501333333333334	15.0
LY164	2005	2005-03-21	17	30	5.358	2.3375999999999997	15.0
LY164	2005	2005-03-21	18	30	5.26	2.5947999999999998	15.0
LY164	2005	2005-03-21	19	30	4.05	2.203866666666667	15.0
LY164	2005	2005-03-21	20	30	2.886	2.017133333333334	15.0
LY164	2005	2005-03-21	21	30	2.124	2.616266666666667	15.0
LY164	2005	2005-03-22	1	30	0.0	1.9791999999999996	15.0
LY164	2005	2005-03-22	3	30	1.435	1.5648000000000002	15.0
LY164	2005	2005-03-22	4	30	3.193	2.7813999999999997	15.0
LY164	2005	2005-03-22	7	30	5.867000000000001	4.3352	15.0
LY164	2005	2005-03-22	11	30	6.7620000000000005	5.558133333333333	15.0
LY164	2005	2005-03-22	12	30	6.473	5.514400000000001	15.0
LY164	2005	2005-03-22	13	30	6.6370000000000005	5.360266666666667	15.0
LY164	2005	2005-03-22	14	30	6.699	5.2930666666666655	15.0
LY164	2005	2005-03-22	15	30	5.8420000000000005	4.321666666666667	15.0
LY164	2005	2005-03-22	16	30	5.699	3.8812666666666673	15.0
LY164	2005	2005-03-22	17	30	4.939	2.6947999999999994	15.0
LY164	2005	2005-03-22	18	30	3.825	2.9454666666666665	15.0
LY164	2005	2005-03-22	19	30	4.535	2.4738666666666664	15.0
LY164	2005	2005-03-22	20	30	3.727	2.2095333333333342	15.0
LY164	2005	2005-03-22	21	30	3.085	2.622533333333334	15.0
LY164	2005	2005-03-22	22	30	2.8760000000000003	1.797933333333333	15.0
LY164	2005	2005-03-22	23	30	2.41	2.3982666666666668	15.0
LY164	2005	2005-03-23	0	30	1.751	1.7669333333333328	15.0
LY164	2005	2005-03-23	3	30	2.143	1.5069333333333332	15.0
LY164	2005	2005-03-23	4	30	3.261	2.9942666666666664	15.0
LY164	2005	2005-03-23	5	30	3.911	3.662933333333334	15.0
LY164	2005	2005-03-23	6	30	4.96	4.814533333333333	15.0
LY164	2005	2005-03-23	7	30	5.612	4.726333333333334	15.0
LY164	2005	2005-03-23	10	30	5.9	5.769466666666667	15.0
LY164	2005	2005-03-23	11	30	6.122000000000001	6.008933333333333	15.0
LY164	2005	2005-03-23	13	30	6.0820000000000025	5.802733333333334	15.0
LY164	2005	2005-03-23	15	30	5.787000000000001	4.711133333333334	15.0
LY164	2005	2005-03-23	16	30	5.255	4.2612000000000005	15.0
LY164	2005	2005-03-23	17	30	5.686	3.024066666666666	15.0
LY164	2005	2005-03-23	18	30	5.26	3.0018666666666665	15.0
LY164	2005	2005-03-23	19	30	4.371	2.7762000000000002	15.0
LY164	2005	2005-03-23	20	30	3.448	2.4580000000000006	15.0
LY164	2005	2005-03-23	21	30	3.435	2.6758000000000006	15.0
LY164	2005	2005-03-23	22	30	2.535	1.9896666666666663	15.0
LY164	2005	2005-03-23	23	30	2.854	2.4031333333333333	15.0
LY164	2005	2005-03-24	0	30	2.94	1.8836666666666662	15.0
LY164	2005	2005-03-24	1	30	2.71	1.7573999999999999	15.0
LY164	2005	2005-03-24	2	30	2.294	1.2894000000000003	15.0
LY164	2005	2005-03-24	3	30	2.099	1.6498	15.0
LY164	2005	2005-03-24	4	30	3.155	3.05	15.0
LY164	2005	2005-03-24	5	30	3.946	3.7291333333333343	15.0
LY164	2005	2005-03-24	6	30	4.772	4.895733333333333	15.0
LY164	2005	2005-03-24	7	30	5.155	5.100466666666667	15.0
LY164	2005	2005-03-24	8	30	5.276	5.3524666666666665	15.0
LY164	2005	2005-03-24	9	30	5.315	5.864400000000002	15.0
LY164	2005	2005-03-24	10	30	5.46	5.755133333333334	15.0
LY164	2005	2005-03-24	11	30	5.632999999999999	6.0738666666666665	15.0
LY164	2005	2005-03-24	12	30	5.655	5.945933333333334	15.0
LY164	2005	2005-03-24	13	30	5.632999999999999	5.884266666666668	15.0
LY164	2005	2005-03-24	14	30	5.175	5.739666666666666	15.0
LY164	2005	2005-03-24	15	30	5.6770000000000005	5.096933333333334	15.0
LY164	2005	2005-03-24	16	30	5.7429999999999986	4.308933333333333	15.0
LY164	2005	2005-03-24	17	30	5.686	3.4031333333333325	15.0
LY164	2005	2005-03-24	18	30	5.52	3.199	15.0
LY164	2005	2005-03-24	19	30	5.099	2.9474000000000005	15.0
LY164	2005	2005-03-24	20	30	3.896	2.4844666666666675	15.0
LY164	2005	2005-03-24	21	30	3.074	2.5644000000000005	15.0
LY164	2005	2005-03-24	22	30	2.984	2.0039999999999996	15.0
LY164	2005	2005-03-24	23	30	2.346	2.4069333333333334	15.0
LY164	2005	2005-03-25	0	30	2.023	2.0796666666666663	15.0
LY164	2005	2005-03-25	1	30	0.0	1.7300666666666664	15.0
LY164	2005	2005-03-25	3	30	0.0	1.7897333333333334	15.0
LY164	2005	2005-03-25	4	30	2.372	3.075266666666667	15.0
LY164	2005	2005-03-25	5	30	3.1660000000000004	3.823200000000001	15.0
LY164	2005	2005-03-25	6	30	3.257	4.952266666666666	15.0
LY164	2005	2005-03-25	8	30	4.9030000000000005	5.422399999999999	15.0
LY164	2005	2005-03-25	9	30	5.774	5.851800000000001	15.0
LY164	2005	2005-03-25	11	30	5.42	6.0796	15.0
LY164	2005	2005-03-25	12	30	5.316	5.943000000000001	15.0
LY164	2005	2005-03-25	13	30	5.207000000000002	5.9136000000000015	15.0
LY164	2005	2005-03-25	14	30	5.175	5.761266666666666	15.0
LY164	2005	2005-03-25	15	30	5.6770000000000005	5.170466666666668	15.0
LY164	2005	2005-03-25	16	30	5.175	4.6918	15.0
LY164	2005	2005-03-25	17	30	3.184	3.782199999999999	15.0
LY164	2005	2005-03-25	18	30	0.0	3.276733333333333	15.0
LY164	2005	2005-03-25	19	30	3.896	3.1549333333333336	15.0
LY164	2005	2005-03-25	20	30	3.04	2.6016666666666675	15.0
LY164	2005	2005-03-25	21	30	2.47	2.769333333333334	15.0
LY164	2005	2005-03-25	22	30	0.0	2.047733333333333	15.0
LY164	2005	2005-03-25	23	30	0.0	2.5633333333333335	15.0
LY164	2005	2005-03-26	0	30	2.565	2.0626666666666664	15.0
LY164	2005	2005-03-26	4	30	2.407	3.2334000000000005	15.0
LY164	2005	2005-03-26	5	30	3.287	3.824733333333334	15.0
LY164	2005	2005-03-26	6	30	4.056	4.883399999999999	15.0
LY164	2005	2005-03-26	7	30	4.96	5.444133333333334	15.0
LY164	2005	2005-03-26	8	30	5.699	5.439733333333333	15.0
LY164	2005	2005-03-26	9	30	5.414	5.847933333333334	15.0
LY164	2005	2005-03-26	10	30	5.9	5.795733333333334	15.0
LY164	2005	2005-03-26	11	30	5.9	6.057133333333334	15.0
LY164	2005	2005-03-26	13	30	5.9	5.867400000000002	15.0
LY164	2005	2005-03-26	14	30	5.526	5.769199999999999	15.0
LY164	2005	2005-03-26	15	30	5.59	5.201133333333335	15.0
LY164	2005	2005-03-26	16	30	5.483	5.0367999999999995	15.0
LY164	2005	2005-03-26	17	30	4.759	3.994466666666666	15.0
LY164	2005	2005-03-26	18	30	4.104	3.0624666666666664	15.0
LY164	2005	2005-03-26	19	30	2.68	3.1456000000000004	15.0
LY164	2005	2005-03-26	20	30	2.68	2.605866666666668	15.0
LY164	2005	2005-03-26	21	30	3.155	2.7319333333333335	15.0
LY164	2005	2005-03-26	22	30	2.951	2.047733333333333	15.0
LY164	2005	2005-03-26	23	30	2.277	2.4343333333333335	15.0
LY164	2005	2005-03-27	0	30	2.3280000000000003	2.2336666666666662	15.0
LY164	2005	2005-03-27	1	30	2.516	1.7300666666666664	15.0
LY164	2005	2005-03-27	2	30	2.337	1.4423333333333337	15.0
LY164	2005	2005-03-27	3	30	2.13	1.7897333333333334	15.0
LY164	2005	2005-03-27	4	30	3.143	3.1752	15.0
LY164	2005	2005-03-27	5	30	3.768	3.8288666666666673	15.0
LY164	2005	2005-03-27	6	30	4.3660000000000005	4.835666666666666	15.0
LY164	2005	2005-03-27	8	30	5.296	5.479933333333332	15.0
LY164	2005	2005-03-27	9	30	5.699	5.746333333333334	15.0
LY164	2005	2005-03-27	10	30	5.81	5.822133333333334	15.0
LY164	2005	2005-03-27	11	30	5.8320000000000025	6.072266666666667	15.0
LY164	2005	2005-03-27	12	30	5.619	5.942400000000002	15.0
LY164	2005	2005-03-27	13	30	5.175	5.855333333333335	15.0
LY164	2005	2005-03-27	14	30	5.894	5.752533333333332	15.0
LY164	2005	2005-03-27	15	30	5.7429999999999986	5.184466666666668	15.0
LY164	2005	2005-03-27	16	30	4.9830000000000005	5.082999999999999	15.0
LY164	2005	2005-03-27	17	30	3.422	4.057666666666666	15.0
LY164	2005	2005-03-27	18	30	2.817	3.1010666666666666	15.0
LY164	2005	2005-03-27	19	30	3.25	3.165	15.0
LY164	2005	2005-03-27	20	30	3.448	2.7845333333333344	15.0
LY164	2005	2005-03-27	21	30	3.474	2.9422666666666673	15.0
LY164	2005	2005-03-27	22	30	3.31	2.2444666666666664	15.0
LY164	2005	2005-03-27	23	30	3.04	2.5861333333333336	15.0
LY164	2005	2005-03-28	0	30	3.178	2.3888666666666665	15.0
LY164	2005	2005-03-28	1	30	2.32	1.8978	15.0
LY164	2005	2005-03-28	2	30	2.076	1.5981333333333336	15.0
LY164	2005	2005-03-28	3	30	2.099	1.9317333333333333	15.0
LY164	2005	2005-03-28	4	30	3.155	3.204733333333333	15.0
LY164	2005	2005-03-28	5	30	3.824	3.875933333333334	15.0
LY164	2005	2005-03-29	13	30	4.602	5.753600000000002	15.0
LY164	2005	2005-03-29	14	30	4.5760000000000005	5.752133333333332	15.0
LY164	2005	2005-03-29	15	30	4.362	5.2250000000000005	15.0
LY164	2005	2005-03-29	16	30	4.218	5.111999999999999	15.0
LY164	2005	2005-03-29	17	30	4.461	4.046399999999999	15.0
LY164	2005	2005-03-29	18	30	4.61	3.057266666666666	15.0
LY164	2005	2005-03-29	19	30	4.104	3.1394	15.0
LY164	2005	2005-03-29	20	30	3.322	3.014400000000001	15.0
LY164	2005	2005-03-29	21	30	3.035	2.9762	15.0
LY164	2005	2005-03-29	22	30	2.3280000000000003	2.465133333333333	15.0
LY164	2005	2005-03-29	23	30	0.0	2.7888	15.0
LY164	2005	2005-03-30	0	30	2.526	2.4614666666666665	15.0
LY164	2005	2005-03-30	1	30	2.8760000000000003	2.0524666666666667	15.0
LY164	2005	2005-03-30	2	30	2.415	1.5675333333333337	15.0
LY164	2005	2005-03-30	3	30	2.138	2.0716666666666668	15.0
LY164	2005	2005-03-30	4	30	3.207	3.2197999999999998	15.0
LY164	2005	2005-03-30	5	30	3.811	3.924266666666667	15.0
LY164	2005	2005-03-30	6	30	3.95	4.875333333333332	15.0
LY164	2005	2005-03-30	7	30	4.35	5.496066666666667	15.0
LY164	2005	2005-03-30	8	30	5.176	5.4879999999999995	15.0
LY164	2005	2005-03-30	9	30	6.2189999999999985	5.759333333333333	15.0
LY164	2005	2005-03-30	10	30	5.227	5.849600000000001	15.0
LY164	2005	2005-03-30	11	30	6.5760000000000005	6.088400000000001	15.0
LY164	2005	2005-03-30	12	30	5.6179999999999986	5.938533333333335	15.0
LY164	2005	2005-03-30	13	30	5.2860000000000005	5.745933333333336	15.0
LY164	2005	2005-03-30	14	30	5.485	5.659266666666666	15.0
LY164	2005	2005-03-30	15	30	5.38	5.131466666666667	15.0
LY164	2005	2005-03-30	16	30	5.07	5.0587333333333335	15.0
LY164	2005	2005-03-30	17	30	5.134	4.0712	15.0
LY164	2005	2005-03-30	18	30	5.055	3.3646	15.0
LY164	2005	2005-03-30	19	30	3.152	3.413	15.0
LY164	2005	2005-03-30	21	30	0.0	2.9354	15.0
LY164	2005	2005-03-30	22	30	0.0	2.6203333333333334	15.0
LY164	2005	2005-03-31	6	30	5.227	4.770266666666666	15.0
LY164	2005	2005-03-31	7	30	5.827000000000001	5.441	15.0
LY164	2005	2005-03-31	8	30	5.837999999999999	5.4098	15.0
LY164	2005	2005-03-31	9	30	6.015	5.878266666666666	15.0
LY164	2005	2005-03-31	10	30	6.716	5.852066666666668	15.0
LY164	2005	2005-03-31	11	30	6.0379999999999985	6.154133333333334	15.0
LY164	2005	2005-03-31	12	30	6.3439999999999985	5.909666666666667	15.0
LY164	2005	2005-03-31	13	30	6.002000000000002	5.750666666666669	15.0
LY164	2005	2005-03-31	14	30	5.8279999999999985	5.707999999999998	15.0
LY164	2005	2005-03-31	15	30	5.75	5.4901333333333335	15.0
LY164	2005	2005-03-31	17	30	5.485	4.413466666666666	15.0
LY164	2005	2005-03-31	18	30	4.104	3.4966666666666666	15.0
LY164	2005	2005-03-31	19	30	2.602	3.371466666666667	15.0
LY164	2005	2005-03-31	20	30	2.732	3.0434666666666677	15.0
LY164	2005	2005-03-31	21	30	3.097	2.7327333333333335	15.0
LY164	2005	2005-03-31	22	30	2.984	2.4604666666666666	15.0
LY164	2005	2005-03-31	23	30	3.322	2.6778666666666666	15.0
LY164	2005	2005-04-01	0	30	2.415	2.629866666666666	15.0
LY164	2005	2005-04-01	1	30	2.286	2.2441999999999998	15.0
LY164	2005	2005-04-01	2	30	2.13	1.7285333333333337	15.0
LY164	2005	2005-04-01	3	30	2.599	2.2142	15.0
LY164	2005	2005-04-01	4	30	3.155	3.1368	15.0
LY164	2005	2005-04-01	5	30	3.842	3.9057333333333335	15.0
LY164	2005	2005-04-01	6	30	3.845	4.722399999999999	15.0
LY164	2005	2005-04-01	7	30	4.717	5.4936	15.0
LY164	2005	2005-04-01	8	30	3.265	5.527199999999999	15.0
LY164	2005	2005-04-01	9	30	4.373	5.9422	15.0
LY164	2005	2005-04-01	10	30	5.216	5.997200000000001	15.0
LY164	2005	2005-04-01	11	30	5.425	6.077533333333334	15.0
LY164	2005	2005-04-01	12	30	5.5360000000000005	5.9614	15.0
LY164	2005	2005-04-01	13	30	5.388	5.7852666666666686	15.0
LY164	2005	2005-04-01	14	30	5.144	5.744799999999999	15.0
LY164	2005	2005-04-01	15	30	5.058	5.520600000000001	15.0
LY164	2005	2005-04-01	16	30	5.0139999999999985	5.056266666666667	15.0
LY164	2005	2005-04-01	17	30	4.995	4.779133333333333	15.0
LY164	2005	2005-04-01	18	30	4.636	3.4470666666666663	15.0
LY164	2005	2005-04-01	19	30	4.543	3.5449333333333333	15.0
LY164	2005	2005-04-01	20	30	3.645	3.0633333333333344	15.0
LY164	2005	2005-04-01	21	30	2.69	2.7296	15.0
LY164	2005	2005-04-01	22	30	2.474	2.4604666666666666	15.0
LY164	2005	2005-04-01	23	30	3.948	2.587866666666667	15.0
LY164	2005	2005-04-02	0	30	0.0	2.633333333333333	15.0
LY164	2005	2005-04-02	1	30	0.0	2.3966	15.0
LY164	2005	2005-04-02	3	30	2.311	2.2443999999999997	15.0
LY164	2005	2005-04-02	4	30	3.532	3.1496666666666666	15.0
LY164	2005	2005-04-02	5	30	4.135	3.8740666666666668	15.0
LY164	2005	2005-04-02	6	30	4.579	4.644266666666666	15.0
LY164	2005	2005-04-02	7	30	4.7639999999999985	5.385066666666666	15.0
LY164	2005	2005-04-02	8	30	4.998	5.460399999999999	15.0
LY164	2005	2005-04-02	9	30	5.612	5.8022	15.0
LY164	2005	2005-04-02	13	30	6.228	5.7856666666666685	15.0
LY164	2005	2005-04-02	14	30	5.255	5.673866666666666	15.0
LY164	2005	2005-04-02	15	30	5.167000000000002	5.467466666666668	15.0
LY164	2005	2005-04-02	16	30	5.341	5.390533333333333	15.0
LY164	2005	2005-04-02	17	30	5.581	4.737266666666667	15.0
LY164	2005	2005-04-02	18	30	5.3020000000000005	3.5896	15.0
LY164	2005	2005-04-02	19	30	4.9110000000000005	3.5937333333333332	15.0
LY164	2005	2005-04-02	20	30	4.1080000000000005	3.0756000000000014	15.0
LY164	2005	2005-04-02	21	30	3.16	2.6721333333333335	15.0
LY164	2005	2005-04-02	22	30	2.4530000000000003	2.4834	15.0
LY164	2005	2005-04-02	23	30	1.953	2.6178000000000003	15.0
LY164	2005	2005-04-03	0	30	0.0	2.3403333333333327	15.0
LY164	2005	2005-04-03	3	30	2.502	2.239733333333333	15.0
LY164	2005	2005-04-03	4	30	3.699	3.162	15.0
LY164	2005	2005-04-03	5	30	4.955	3.8583333333333334	15.0
LY164	2005	2005-04-03	6	30	4.952	4.558399999999998	15.0
LY164	2005	2005-04-03	7	30	10.385	5.406733333333333	15.0
LY164	2005	2005-04-03	8	30	5.175	5.410733333333334	15.0
LY164	2005	2005-04-03	9	30	5.6770000000000005	5.801733333333333	15.0
LY164	2005	2005-04-03	10	30	6.13	5.980666666666667	15.0
LY164	2005	2005-04-03	11	30	5.8	6.054866666666667	15.0
LY164	2005	2005-04-07	5	30	4.017	3.8984	15.0
LY164	2005	2005-04-07	6	30	4.435	4.573399999999998	15.0
LY164	2005	2005-04-07	7	30	4.758	5.695666666666667	15.0
LY164	2005	2005-04-07	8	30	5.449	5.2878	15.0
LY164	2005	2005-04-07	9	30	5.632999999999999	5.6882	15.0
LY164	2005	2005-04-07	10	30	6.0760000000000005	5.957800000000001	15.0
LY164	2005	2005-04-07	11	30	6.316	5.966333333333334	15.0
LY164	2005	2005-04-07	12	30	6.127999999999999	6.0064	15.0
LY164	2005	2005-04-07	13	30	5.846	5.745400000000001	15.0
LY164	2005	2005-04-07	14	30	5.837999999999999	5.679199999999999	15.0
LY164	2005	2005-04-07	15	30	5.916	5.474066666666668	15.0
LY164	2005	2005-04-07	16	30	5.9529999999999985	5.362266666666666	15.0
LY164	2005	2005-04-07	17	30	5.795	4.8708	15.0
LY164	2005	2005-04-07	18	30	5.183	3.9430666666666667	15.0
LY164	2005	2005-04-07	19	30	4.902	3.6745333333333337	15.0
LY164	2005	2005-04-07	20	30	5.106	3.1498000000000013	15.0
LY164	2005	2005-04-07	21	30	4.472	2.8828000000000005	15.0
LY164	2005	2005-04-07	22	30	3.699	2.4587333333333334	15.0
LY164	2005	2005-04-07	23	30	3.12	2.5068	15.0
